first_name,last_name,email,CIN
Carmen,Marmon,cmarmon0@hao123.com,3696219142
Randa,Enderby,renderby1@themeforest.net,1173741674
Russell,Felipe,rfelipe2@lulu.com,4005402402
Carson,Besson,cbesson3@wired.com,2030820784
Anthiathia,Tichelaar,atichelaar4@soup.io,4687728812
Palm,Gorini,pgorini5@vk.com,9230600229
Granthem,O'Heffernan,goheffernan6@blinklist.com,0431077150
Sarajane,McCartney,smccartney7@sciencedirect.com,6447846634
Horacio,Tuite,htuite8@squarespace.com,8082970383
Shermie,Stapleford,sstapleford9@delicious.com,4894400367
Andonis,Buttrick,abuttricka@mozilla.org,6124588307
Jedd,Glanester,jglanesterb@livejournal.com,7013841706
Ardeen,Reburn,areburnc@youtu.be,5060750353
Tyler,Phuprate,tphuprated@noaa.gov,6518359609
Horatius,Howchin,hhowchine@europa.eu,5605469797
Timmie,Mokes,tmokesf@netvibes.com,4483795570
Sal,Terrington,sterringtong@latimes.com,9110587535
Amanda,Wallice,awalliceh@usatoday.com,3382983982
Korney,Goodanew,kgoodanewi@miitbeian.gov.cn,8563416286
Jim,Truesdale,jtruesdalej@spotify.com,2859118985
Vladamir,Judson,vjudsonk@sfgate.com,6403274961
Phelia,Haskew,phaskewl@wiley.com,3773490879
Loise,Legge,lleggem@unc.edu,3651396738
Madeleine,Poytheras,mpoytherasn@blogs.com,1337918121
Dud,Flaune,dflauneo@about.me,0302435603
Adara,Toogood,atoogoodp@mtv.com,3895407844
Clarette,Davidge,cdavidgeq@ovh.net,8150112294
Kitty,Spaunton,kspauntonr@biblegateway.com,6698204773
Hildegaard,Greer,hgreers@google.com,6355530320
Kean,Schubart,kschubartt@sogou.com,3706525534
Arlyne,Kleinlerer,akleinlereru@yelp.com,7881897724
Wilfred,Lawford,wlawfordv@opensource.org,4012439634
Clarke,Strognell,cstrognellw@jugem.jp,7876418880
Win,Beckford,wbeckfordx@businessweek.com,3057618480
Hortensia,Peacey,hpeaceyy@sphinn.com,4798165417
Enid,Slyvester,eslyvesterz@independent.co.uk,6543530421
Kacy,Abbys,kabbys10@is.gd,9483491665
Rudolph,Tocqueville,rtocqueville11@wp.com,9961486706
Aindrea,Duckering,aduckering12@utexas.edu,8668253638
Sergio,Hane,shane13@jigsy.com,7618469679
Alleyn,Ghirardi,aghirardi14@berkeley.edu,3315769028
Lucian,Pandie,lpandie15@yahoo.com,1350056634
Gualterio,Speight,gspeight16@independent.co.uk,3224678003
Blakeley,Storry,bstorry17@blogtalkradio.com,7496035580
Ysabel,Yukhnini,yyukhnini18@ezinearticles.com,0820163635
Desmund,Bamlett,dbamlett19@yellowpages.com,5816821210
Clarinda,Jiggins,cjiggins1a@artisteer.com,1038334888
Saundra,Buttress,sbuttress1b@omniture.com,6637109630
Donnajean,Goskar,dgoskar1c@qq.com,4331706389
Karlan,Ilchuk,kilchuk1d@mit.edu,2317560796
Mickey,Arro,marro1e@devhub.com,1318510236
Kenneth,Carbery,kcarbery1f@craigslist.org,0688825311
Maitilde,Leindecker,mleindecker1g@nyu.edu,7251908727
Codie,Crowder,ccrowder1h@nytimes.com,4028748445
Rebe,Hoy,rhoy1i@moonfruit.com,4591739031
Kaylee,Phateplace,kphateplace1j@microsoft.com,4657670050
Hersh,Darragh,hdarragh1k@youku.com,0630664978
Dion,Pechell,dpechell1l@icio.us,2510544519
Errol,Odell,eodell1m@angelfire.com,3864207916
Jeana,Quidenham,jquidenham1n@booking.com,8481986941
Weston,Farnan,wfarnan1o@printfriendly.com,1167922468
Hedvige,Mechan,hmechan1p@who.int,4194005090
Lorelei,Dubery,ldubery1q@indiegogo.com,5493852055
Oriana,Secker,osecker1r@ed.gov,7260949481
Amerigo,Lavalde,alavalde1s@ameblo.jp,3956768000
Isahella,Rown,irown1t@icio.us,8259693925
Lia,Whitnall,lwhitnall1u@bravesites.com,5000731654
Marshal,Sickert,msickert1v@java.com,0459353489
Aretha,Mackelworth,amackelworth1w@soundcloud.com,5495866436
Jock,Illesley,jillesley1x@mlb.com,4917039258
Darrick,Pasley,dpasley1y@purevolume.com,2277440868
Jenifer,Kisbee,jkisbee1z@wordpress.org,9012805074
Desmond,Dumbrall,ddumbrall20@github.io,7153527974
Tommy,Faragher,tfaragher21@so-net.ne.jp,7280412084
Aurea,Sara,asara22@mozilla.com,7292564143
Iona,Casbourne,icasbourne23@salon.com,2691835634
Leslie,Josefowicz,ljosefowicz24@technorati.com,1262559677
Hildegarde,Girton,hgirton25@mlb.com,8103740071
Bern,Manifield,bmanifield26@go.com,0521121485
Wini,Beardsall,wbeardsall27@dropbox.com,3308295741
Thorndike,Weiss,tweiss28@boston.com,4916844637
Janeva,Gribbell,jgribbell29@addthis.com,9405707515
Lishe,Annes,lannes2a@github.com,6380357653
Raff,Tidman,rtidman2b@yale.edu,1877735574
Mel,Cockshoot,mcockshoot2c@imdb.com,7933959385
Sabrina,Shorto,sshorto2d@hostgator.com,7060550291
Molly,Collecott,mcollecott2e@rambler.ru,4261297019
Brander,Greaves,bgreaves2f@marriott.com,8902849775
Tristan,Shine,tshine2g@spiegel.de,2871013284
Glad,Flann,gflann2h@dailymail.co.uk,6547048268
Phoebe,Pedron,ppedron2i@g.co,9413581665
Way,Insall,winsall2j@imageshack.us,4166370308
Ranice,Volonte,rvolonte2k@spotify.com,3534217179
Reeva,Fuidge,rfuidge2l@rediff.com,4697668812
Sapphire,Schrader,sschrader2m@smugmug.com,7218731678
Delora,Sheryn,dsheryn2n@miitbeian.gov.cn,9161680753
Iolanthe,Deaves,ideaves2o@plala.or.jp,2765494622
Maiga,Poncet,mponcet2p@clickbank.net,5414060673
Percival,Ioan,pioan2q@usda.gov,6081673510
Kitty,Chesnut,kchesnut2r@e-recht24.de,2005583715
Oralie,Fonzone,ofonzone2s@xinhuanet.com,3140682514
Collete,Treske,ctreske2t@intel.com,3732811301
Patsy,Schnieder,pschnieder2u@people.com.cn,6707911643
Gisela,Kleinlerer,gkleinlerer2v@opensource.org,7204935772
Masha,Jimpson,mjimpson2w@thetimes.co.uk,0891669299
Elijah,Studman,estudman2x@rambler.ru,8875364303
Tam,Whife,twhife2y@youku.com,8695074501
Norris,Noto,nnoto2z@umich.edu,4731762812
Josephina,Meriguet,jmeriguet30@plala.or.jp,4616643962
Giuseppe,Gullivent,ggullivent31@omniture.com,3600572776
Melessa,Mingotti,mmingotti32@tinyurl.com,1752295900
Ailee,Bettanay,abettanay33@slashdot.org,4699345573
Lorilee,Alebrooke,lalebrooke34@hubpages.com,1469401673
Merline,Polly,mpolly35@woothemes.com,1359075836
Vito,Longfut,vlongfut36@mysql.com,7770488087
Merv,Coste,mcoste37@1und1.de,2071742168
Web,Berget,wberget38@vistaprint.com,9913899516
Gae,Bail,gbail39@alexa.com,8488609647
Dulciana,Cristou,dcristou3a@technorati.com,6998244754
Kim,Swadling,kswadling3b@symantec.com,9823623023
Brander,Duggen,bduggen3c@cocolog-nifty.com,9717943443
Nanice,Leist,nleist3d@patch.com,8096646079
Curtice,Van Velde,cvanvelde3e@bloglines.com,6778993286
Brandtr,Slamaker,bslamaker3f@ucoz.ru,0872907643
Truman,Piscot,tpiscot3g@google.com.hk,4034568224
Abe,Duester,aduester3h@issuu.com,1126479225
Kiersten,Lobe,klobe3i@123-reg.co.uk,2265436852
Arel,Wimsett,awimsett3j@xrea.com,9565433545
Norri,Insoll,ninsoll3k@cpanel.net,6391112797
Roxana,Loomis,rloomis3l@trellian.com,1714033341
Cymbre,Letford,cletford3m@nhs.uk,1396107134
Shelly,Draycott,sdraycott3n@icio.us,0725289694
Hilly,Astill,hastill3o@amazon.co.jp,5411351537
Jocelyne,Szapiro,jszapiro3p@webeden.co.uk,8422542579
Pauletta,Staley,pstaley3q@microsoft.com,4365545833
Darbie,Thorouggood,dthorouggood3r@tumblr.com,8123844050
Teodor,Porcher,tporcher3s@npr.org,7453658829
Clair,Gibben,cgibben3t@flickr.com,9809907559
Brittan,Firpi,bfirpi3u@amazon.co.uk,0356704254
Sarge,Sustins,ssustins3v@amazon.com,8330797066
Manda,Unwins,munwins3w@timesonline.co.uk,7953529165
Ahmad,Bytheway,abytheway3x@bloglines.com,1608603016
Jessika,Malim,jmalim3y@dagondesign.com,5263104367
Dahlia,Malden,dmalden3z@istockphoto.com,6381559365
Dorotea,Dressel,ddressel40@slashdot.org,9830411540
Kirbee,Weymont,kweymont41@ning.com,0959683747
Pooh,Kingsnoad,pkingsnoad42@hhs.gov,8840784152
Tanitansy,Gianotti,tgianotti43@google.ca,5443995715
Chen,Kamienski,ckamienski44@who.int,6219226283
Coriss,Clewlow,cclewlow45@g.co,4290930891
Randi,Abbatini,rabbatini46@newyorker.com,3325956033
Gabi,Yousef,gyousef47@eventbrite.com,7868794682
Wade,Scarlet,wscarlet48@bloomberg.com,9557796286
Riordan,Schout,rschout49@salon.com,5582724672
Edin,Casserley,ecasserley4a@japanpost.jp,1421366614
Ryley,Peter,rpeter4b@amazon.com,6384336901
Adolphus,Dougliss,adougliss4c@fotki.com,0085328138
Christal,Gullis,cgullis4d@discuz.net,3196566307
Avis,Disman,adisman4e@mapy.cz,1577733479
Isobel,Pennetta,ipennetta4f@netvibes.com,0974617458
Augusta,Collihole,acollihole4g@qq.com,6713981062
Raquela,Briddle,rbriddle4h@t-online.de,3113731755
Kelcy,Swetman,kswetman4i@japanpost.jp,9441206407
Pepita,Durrell,pdurrell4j@chicagotribune.com,4062236907
Karole,LaBastida,klabastida4k@rakuten.co.jp,7470089098
Addia,Mapstone,amapstone4l@hugedomains.com,6606482348
Annamaria,Yekel,ayekel4m@hibu.com,8422262592
Lowell,Della Scala,ldellascala4n@skyrock.com,8944177961
Norri,Debrett,ndebrett4o@gmpg.org,1123831572
Francis,Cadany,fcadany4p@businesswire.com,0979055423
Sandor,Kilroy,skilroy4q@sohu.com,0909642796
Lilia,Sunderland,lsunderland4r@indiatimes.com,0406895384
Daveen,Churcher,dchurcher4s@tmall.com,1235554384
Aldous,Dack,adack4t@desdev.cn,6228454714
Karee,Malter,kmalter4u@ucsd.edu,5011513777
Caren,Simmance,csimmance4v@vkontakte.ru,0479302669
Daffy,Elderbrant,delderbrant4w@artisteer.com,0491944950
Ernestine,Pearsey,epearsey4x@xinhuanet.com,3263069004
Nolie,Boultwood,nboultwood4y@storify.com,7234236481
Gwendolen,Crownshaw,gcrownshaw4z@nba.com,2225276196
Amery,Eaklee,aeaklee50@myspace.com,2877587355
Philip,Brightman,pbrightman51@rambler.ru,4557364772
Rosanna,Charrier,rcharrier52@ft.com,0189288531
Pearla,Rowly,prowly53@facebook.com,3612955853
Wenonah,Renihan,wrenihan54@icio.us,4747228985
Colan,Purkins,cpurkins55@hostgator.com,7703234265
Flossy,Ayshford,fayshford56@posterous.com,7567961067
Ginelle,Haythorne,ghaythorne57@wisc.edu,0950602736
Larina,Darth,ldarth58@eventbrite.com,0272554944
Ashla,Andrei,aandrei59@blogger.com,5862954929
Fabio,Meece,fmeece5a@sun.com,9200096131
Mathew,Feldmark,mfeldmark5b@surveymonkey.com,2271916356
Lauren,Bremeyer,lbremeyer5c@webnode.com,1388185148
Justin,Hulls,jhulls5d@t-online.de,2771453711
Earle,Bendin,ebendin5e@cbsnews.com,1409890899
Quint,Gibbon,qgibbon5f@opensource.org,2414936517
Juliana,Kach,jkach5g@yale.edu,4876164983
Lezley,Ledram,lledram5h@oakley.com,5908272698
Kalindi,Covotto,kcovotto5i@census.gov,9523669052
Felicdad,Berwick,fberwick5j@shop-pro.jp,8667919330
Tod,Wivell,twivell5k@abc.net.au,8956240302
Ester,Oughtright,eoughtright5l@tripadvisor.com,2865464687
Clem,Bonett,cbonett5m@vimeo.com,4161871406
Hobart,Pate,hpate5n@washington.edu,1275709397
Jandy,Kenwyn,jkenwyn5o@lycos.com,5799927885
Cherey,Backson,cbackson5p@issuu.com,0105354724
Palmer,Shakesbye,pshakesbye5q@pagesperso-orange.fr,3142364757
Jerrome,Maypowder,jmaypowder5r@scribd.com,9153108949
Wren,Ridley,wridley5s@mapquest.com,4809027597
Elly,Kinchlea,ekinchlea5t@icq.com,5992031723
Tristan,Sodeau,tsodeau5u@youtu.be,5233047705
Emmerich,Miles,emiles5v@oakley.com,3209924260
Phil,Haselden,phaselden5w@dropbox.com,7613889963
Sophie,Pendlington,spendlington5x@xinhuanet.com,5460153530
Baillie,Harries,bharries5y@so-net.ne.jp,5107146066
Melicent,Sigmund,msigmund5z@ustream.tv,6330842531
Michel,Ashleigh,mashleigh60@zimbio.com,3240121360
Lazarus,Gisburn,lgisburn61@irs.gov,9274377444
Nedi,Peggram,npeggram62@jalbum.net,2260729800
Doralynn,Dyerson,ddyerson63@yelp.com,6918062662
Bea,Drexel,bdrexel64@ovh.net,1849069417
Kerwinn,Pilger,kpilger65@cocolog-nifty.com,2935429974
Orran,Mussotti,omussotti66@gmpg.org,9027005168
Sabine,Mouget,smouget67@foxnews.com,0744489865
Sharl,Guyer,sguyer68@wsj.com,3896786830
Thea,Pecht,tpecht69@dyndns.org,3982066069
Xena,Patley,xpatley6a@jalbum.net,0096657065
Aurea,Count,acount6b@scientificamerican.com,5281531409
Farrah,Cortes,fcortes6c@canalblog.com,3233947429
Germain,Ruddiforth,gruddiforth6d@furl.net,9263436959
Sandie,Beeho,sbeeho6e@is.gd,2240383623
Janene,Faragher,jfaragher6f@theatlantic.com,8587288032
Imogene,King,iking6g@freewebs.com,2052655255
Byram,MacIan,bmacian6h@statcounter.com,7476702018
Tarrah,Studdal,tstuddal6i@wordpress.com,5839191973
Kandace,Blackham,kblackham6j@thetimes.co.uk,2406556069
Clarke,Belk,cbelk6k@jiathis.com,0006594514
Valentijn,McLeese,vmcleese6l@feedburner.com,1191237729
Natalina,Drew,ndrew6m@51.la,4398075623
Beale,Greenlees,bgreenlees6n@vinaora.com,9009922073
Domini,Van der Velde,dvandervelde6o@ask.com,3404685652
Carrie,Youngs,cyoungs6p@meetup.com,5424425798
Lian,Skae,lskae6q@epa.gov,5279308005
Davie,Jeandel,djeandel6r@marketwatch.com,5188387670
Carie,Oxbrough,coxbrough6s@miitbeian.gov.cn,4306347346
Adrea,Riccetti,ariccetti6t@discuz.net,8562629936
Wendye,Bedinham,wbedinham6u@digg.com,6625006637
Kellina,Whittlesee,kwhittlesee6v@va.gov,7722838162
Thorin,Decruse,tdecruse6w@illinois.edu,9895844425
Odetta,Greenhalgh,ogreenhalgh6x@booking.com,8950461978
Ephraim,Walshe,ewalshe6y@wsj.com,2562426134
Kirby,Stoffler,kstoffler6z@yale.edu,1415968292
Yancey,McCoughan,ymccoughan70@google.de,4953687744
Dacie,Edgley,dedgley71@jalbum.net,6412872183
Marin,Liccardo,mliccardo72@g.co,4499125456
Estelle,Di Carlo,edicarlo73@unicef.org,7055153255
Rriocard,Moine,rmoine74@dell.com,6451131334
Leicester,Isacq,lisacq75@github.io,8097745259
Addy,Fairbanks,afairbanks76@smugmug.com,3939867039
Amos,Scrivens,ascrivens77@123-reg.co.uk,7504489514
Rena,Craik,rcraik78@smugmug.com,1038382785
Shalna,Stangroom,sstangroom79@yellowbook.com,6257328497
Lark,Riping,lriping7a@is.gd,8335699917
Reinwald,Lochet,rlochet7b@washington.edu,1075208335
Kora,Stebbins,kstebbins7c@timesonline.co.uk,0881204404
Gill,Girogetti,ggirogetti7d@fema.gov,9149213024
Rutledge,Somerscales,rsomerscales7e@chronoengine.com,3298185515
Christan,Lampitt,clampitt7f@dedecms.com,0194117189
Margalit,Downe,mdowne7g@wikia.com,3722689074
Jordanna,Stittle,jstittle7h@netvibes.com,6597468945
Gauthier,Baumaier,gbaumaier7i@printfriendly.com,8829247383
Alexandr,Simeonov,asimeonov7j@barnesandnoble.com,3370296284
Mellicent,Spurden,mspurden7k@ameblo.jp,3056977487
Paolo,Lissandri,plissandri7l@oakley.com,0595108148
Wallie,Charlwood,wcharlwood7m@prnewswire.com,3460714336
Wilden,Dobrovsky,wdobrovsky7n@archive.org,3837432637
Levi,Darrach,ldarrach7o@samsung.com,8843833979
Joey,Vicker,jvicker7p@ustream.tv,1875257292
Chevalier,Murt,cmurt7q@pen.io,5283637603
Brnaby,Rogez,brogez7r@yale.edu,4355697460
Bengt,McIlveen,bmcilveen7s@usda.gov,0164463216
Eudora,Calcutt,ecalcutt7t@sogou.com,7263551667
Thelma,Dorr,tdorr7u@live.com,2768352705
Donna,Seaborne,dseaborne7v@upenn.edu,7910904223
Sabine,Gobolos,sgobolos7w@accuweather.com,4343715949
Ignatius,Gulberg,igulberg7x@shutterfly.com,5603822074
Doll,Brimfield,dbrimfield7y@sfgate.com,9614355107
Catie,Bradnum,cbradnum7z@msn.com,0618327487
Vinnie,Halfacre,vhalfacre80@dell.com,9946682575
Al,Trighton,atrighton81@guardian.co.uk,8801862512
Consolata,Yoskowitz,cyoskowitz82@princeton.edu,9491795775
Ina,Jacqueminet,ijacqueminet83@acquirethisname.com,9162029797
Valenka,Troy,vtroy84@msn.com,3944422961
Allyce,Frickey,africkey85@newsvine.com,8247295539
Antons,Jorry,ajorry86@fema.gov,5263720920
Nerta,Spinney,nspinney87@elegantthemes.com,9829278158
Sammie,Chasles,schasles88@mapquest.com,7886566149
Louisette,Isbell,lisbell89@who.int,5516523419
Conny,Pannett,cpannett8a@patch.com,1986744116
Doti,Nisuis,dnisuis8b@salon.com,0306350971
Nickolaus,Kiddle,nkiddle8c@printfriendly.com,5300756644
Corrina,Alenin,calenin8d@disqus.com,1542855209
Biddie,Northrop,bnorthrop8e@dyndns.org,9208504719
Noam,Turneaux,nturneaux8f@cargocollective.com,0269034706
Aubrette,Angelini,aangelini8g@meetup.com,9818777069
Miles,Calrow,mcalrow8h@yolasite.com,9683405045
Sandor,Read,sread8i@businessinsider.com,1633193934
Nikolaus,Oliver,noliver8j@creativecommons.org,2986358403
Shae,Hagwood,shagwood8k@over-blog.com,5331616178
Janene,Wykey,jwykey8l@umn.edu,1722687533
Diena,Kytley,dkytley8m@gravatar.com,0184568498
Arron,Dumphrey,adumphrey8n@google.de,4363931361
Eyde,Girkins,egirkins8o@woothemes.com,5487415633
Irwinn,Sandford,isandford8p@epa.gov,7525099650
Micaela,Parkisson,mparkisson8q@walmart.com,0488362237
Franny,Vango,fvango8r@slate.com,1783696230
Vito,Foord,vfoord8s@indiatimes.com,5632156184
Alf,Elsip,aelsip8t@shinystat.com,2937776116
Orly,Twinning,otwinning8u@delicious.com,6830554985
Richart,Ledgerton,rledgerton8v@baidu.com,5589120373
Morna,Franzonello,mfranzonello8w@vkontakte.ru,1916985076
Paul,Harmar,pharmar8x@dion.ne.jp,1591709261
Hildagarde,Craigmyle,hcraigmyle8y@1und1.de,1110701802
Even,Begin,ebegin8z@vk.com,5182146744
Obed,Emmines,oemmines90@php.net,8812256465
Calida,Gheerhaert,cgheerhaert91@networksolutions.com,5218605239
Wolfgang,Dann,wdann92@imageshack.us,4685930975
Holli,Radborn,hradborn93@i2i.jp,1140495615
Olympe,Villar,ovillar94@dmoz.org,1759086657
Harriot,Wailes,hwailes95@google.fr,6954158496
Bennett,Atwater,batwater96@bravesites.com,9642883538
Christie,Ors,cors97@wiley.com,1965165273
Debbi,Mewe,dmewe98@time.com,5297037328
Eli,Flawith,eflawith99@bravesites.com,4478554692
Gamaliel,Charpling,gcharpling9a@gmpg.org,2020435802
Trevar,Brood,tbrood9b@ca.gov,9464476745
Salomon,Meek,smeek9c@etsy.com,2061676960
Collette,Burdfield,cburdfield9d@google.pl,7324002668
Sheela,Chinge,schinge9e@wired.com,2498598766
Glendon,McCorkindale,gmccorkindale9f@mtv.com,3857290773
Sidnee,Sheal,ssheal9g@hubpages.com,7223662239
Kassey,Kiossel,kkiossel9h@ted.com,3555624946
Ricard,Burridge,rburridge9i@stumbleupon.com,2693112508
Man,McCool,mmccool9j@behance.net,2579915141
Jaclin,Dawes,jdawes9k@opensource.org,9595603295
Amandie,Dallin,adallin9l@va.gov,0466883439
Purcell,Paulig,ppaulig9m@ovh.net,8831825887
Freedman,Thunnercliff,fthunnercliff9n@i2i.jp,2279835290
Marcello,Sunner,msunner9o@naver.com,0882364170
Neil,Linn,nlinn9p@mtv.com,4928324676
Valencia,Brand-Hardy,vbrandhardy9q@barnesandnoble.com,5592782993
Loise,Musla,lmusla9r@posterous.com,8337397365
Debra,Hutchings,dhutchings9s@biglobe.ne.jp,7499391965
Loraine,Jeffery,ljeffery9t@ucsd.edu,6308801917
Cleon,Johnson,cjohnson9u@usda.gov,9671866719
Hadrian,Hansard,hhansard9v@google.es,3450000497
Romola,Lonsbrough,rlonsbrough9w@microsoft.com,2156887128
Brigida,Extall,bextall9x@answers.com,9398913151
Godfry,Sier,gsier9y@businessinsider.com,0406003416
Stacy,Linnock,slinnock9z@pinterest.com,9398791307
Eric,Fitzroy,efitzroya0@howstuffworks.com,9569679182
Kelby,Calloway,kcallowaya1@state.gov,5767272611
Jonie,Whitebread,jwhitebreada2@taobao.com,9453636770
Riva,Andrews,randrewsa3@netscape.com,3926195762
Margo,Foddy,mfoddya4@nature.com,8029482078
Orel,Yeskov,oyeskova5@yelp.com,8075856198
Pauli,Duny,pdunya6@unblog.fr,0583373917
Hamnet,Furby,hfurbya7@vimeo.com,8265763964
Cairistiona,Cogley,ccogleya8@upenn.edu,5002622305
Godfrey,Sharpus,gsharpusa9@un.org,3720634086
Alanson,Shalcras,ashalcrasaa@topsy.com,6284242468
Corliss,Quigley,cquigleyab@feedburner.com,9354062709
Gayleen,O'Breen,gobreenac@artisteer.com,5209693996
Claudie,Dunkersley,cdunkersleyad@w3.org,2435191294
Cathlene,Langmead,clangmeadae@ted.com,3460324937
Tansy,Bicksteth,tbickstethaf@wordpress.org,7780673499
Jobye,Croot,jcrootag@edublogs.org,5777854532
Consolata,Noriega,cnoriegaah@gravatar.com,9559711512
Noel,Gotcher,ngotcherai@theguardian.com,8970536280
Shauna,Dominici,sdominiciaj@chicagotribune.com,4838387075
Hannis,Breznovic,hbreznovicak@icio.us,4690375003
Annnora,Carbery,acarberyal@cafepress.com,8195716008
Darren,Paton,dpatonam@slate.com,2698980885
Marybelle,Bryceson,mbrycesonan@lycos.com,3447532084
Monty,Goodin,mgoodinao@mozilla.com,3531794140
Chris,Minchenton,cminchentonap@wikipedia.org,1008305006
Kitty,Guinn,kguinnaq@blog.com,1082027634
Marcellus,Brachell,mbrachellar@icq.com,0494988592
Itch,Sandcroft,isandcroftas@sohu.com,2891272323
Grady,Stelli,gstelliat@geocities.jp,6467854128
Garwood,Measey,gmeaseyau@last.fm,8244189908
Horatius,Fairs,hfairsav@cafepress.com,7455205783
Marci,Luna,mlunaaw@sina.com.cn,6740634807
Melvin,Goullee,mgoulleeax@deviantart.com,8784959843
Delmer,Tredinnick,dtredinnickay@t.co,1271564750
Cooper,Stebbing,cstebbingaz@soup.io,2772984524
Devlin,Lansberry,dlansberryb0@nba.com,7613824276
Emilia,Haydney,ehaydneyb1@vistaprint.com,7985247521
Adham,Trimbey,atrimbeyb2@weather.com,0191520330
Rozina,Ferson,rfersonb3@squidoo.com,7239984451
Homere,Straughan,hstraughanb4@addthis.com,0443386668
Nevil,Kunkler,nkunklerb5@ifeng.com,0659876876
Regina,Bresnahan,rbresnahanb6@sourceforge.net,4786643491
Zorine,Esilmon,zesilmonb7@aboutads.info,6640806118
Olenolin,Given,ogivenb8@nymag.com,9596735551
Gaston,Measor,gmeasorb9@etsy.com,3788763450
Domini,Clipsham,dclipshamba@engadget.com,4238610172
Jakie,Lafee,jlafeebb@ebay.co.uk,2071450930
Omero,Shave,oshavebc@weebly.com,6960069483
Brandy,Nolleth,bnollethbd@t-online.de,2622835957
Tibold,Gianotti,tgianottibe@tiny.cc,7389611448
Gwendolyn,Bonsale,gbonsalebf@ucla.edu,6574763681
Orran,Hum,ohumbg@last.fm,1495853918
Stanislas,Toland,stolandbh@tuttocitta.it,1050504313
Briana,Lile,blilebi@ibm.com,5229075902
Ellie,Kydde,ekyddebj@tmall.com,5091827064
Jenilee,Kelsell,jkelsellbk@tmall.com,4221072784
Graehme,Dunstone,gdunstonebl@dedecms.com,2286703507
Jere,Burl,jburlbm@unesco.org,7655118876
Vivyanne,Hellings,vhellingsbn@nature.com,4366932024
Jaclin,Pinel,jpinelbo@harvard.edu,9682623391
Jeri,Broadberry,jbroadberrybp@buzzfeed.com,4603133448
Courtnay,Shelmardine,cshelmardinebq@people.com.cn,8872311489
Ferris,Bernhart,fbernhartbr@odnoklassniki.ru,6192611866
Joelie,Keele,jkeelebs@photobucket.com,9335863270
Fredek,Asbrey,fasbreybt@reverbnation.com,9557456094
Mariellen,Maskell,mmaskellbu@prlog.org,9717080542
Bernadette,Iacovides,biacovidesbv@baidu.com,9424604432
Regan,Kirkby,rkirkbybw@meetup.com,1185417915
Drucy,Kenway,dkenwaybx@stanford.edu,9328899478
Myrilla,Kolczynski,mkolczynskiby@bluehost.com,1446914011
Durante,Dullard,ddullardbz@netvibes.com,7001752568
Cathrine,Mozzetti,cmozzettic0@wikia.com,1246694913
Cori,Clawe,cclawec1@cbslocal.com,2336126788
Codi,Duesbury,cduesburyc2@adobe.com,0417856091
Gayla,Kassel,gkasselc3@zdnet.com,3735035647
Gail,Gabites,ggabitesc4@arizona.edu,3735319807
Willard,Sands,wsandsc5@webmd.com,8916077745
Rebecca,Mott,rmottc6@disqus.com,9904252238
Gian,Govier,ggovierc7@weibo.com,3948418144
Chev,Morphet,cmorphetc8@plala.or.jp,5124605014
Zenia,Woolfoot,zwoolfootc9@bing.com,4013302160
Roderic,Crysell,rcrysellca@goodreads.com,6561985591
Beverley,Gebhardt,bgebhardtcb@baidu.com,3025008768
Budd,Jepperson,bjeppersoncc@tripod.com,4954872650
Konstanze,Bicksteth,kbickstethcd@blog.com,4174596239
Aharon,Wiggett,awiggettce@cisco.com,0184418585
Lizabeth,Keyson,lkeysoncf@amazon.com,0507912411
Reynolds,Tant,rtantcg@patch.com,6914519129
Ardelle,Grimsey,agrimseych@indiegogo.com,9989451591
Griz,Houlston,ghoulstonci@narod.ru,8406437995
Allx,Stocky,astockycj@cbsnews.com,1754502008
Arnie,Addeycott,aaddeycottck@woothemes.com,5664008881
Kristan,Sadler,ksadlercl@wikimedia.org,1459476476
Darryl,Sellstrom,dsellstromcm@chronoengine.com,2093044544
Titos,Isaksson,tisakssoncn@businessinsider.com,8120353617
Darcy,McKaile,dmckaileco@webnode.com,7016987183
Elyse,O'Dowgaine,eodowgainecp@cyberchimps.com,4057593683
Eimile,Cosham,ecoshamcq@ebay.co.uk,6106919534
Nickie,Jeratt,njerattcr@techcrunch.com,8595123187
Graig,McRoberts,gmcrobertscs@fc2.com,8173293600
Christa,Reightley,creightleyct@patch.com,2239515740
Harwell,Acedo,hacedocu@jimdo.com,7475002756
Sigismond,Mitrikhin,smitrikhincv@linkedin.com,0332835189
Riley,Igounet,rigounetcw@cpanel.net,9310411376
Thomasin,Devonish,tdevonishcx@tinyurl.com,0652159923
Carine,Flemmich,cflemmichcy@sitemeter.com,5655890720
Dorise,Eringey,deringeycz@howstuffworks.com,2865402800
Anne,Lundberg,alundbergd0@list-manage.com,1949630757
Burg,Munt,bmuntd1@hibu.com,6848100463
Rusty,Mullarkey,rmullarkeyd2@usatoday.com,0662777840
Christabella,Skittle,cskittled3@wordpress.org,3505889075
Noby,Krolik,nkrolikd4@arstechnica.com,8049024016
Kelli,Gerhts,kgerhtsd5@naver.com,1192249682
Reuben,Ferencz,rferenczd6@ox.ac.uk,7321178757
Nadya,Ganing,nganingd7@360.cn,1243794844
Corry,Messier,cmessierd8@sciencedirect.com,0516699431
Albina,Lammas,alammasd9@bloomberg.com,3767522292
Rolfe,Copes,rcopesda@sakura.ne.jp,5050156653
Bealle,Aguirrezabala,baguirrezabaladb@cloudflare.com,6298979700
Leo,Lovick,llovickdc@sfgate.com,6130597002
Caralie,Adamovich,cadamovichdd@ted.com,5244724339
Sarene,O' Neligan,soneligande@accuweather.com,8759584785
Ardine,Lewknor,alewknordf@flavors.me,3420072473
Percy,Ewestace,pewestacedg@rakuten.co.jp,1677931671
Benjamin,Downie,bdowniedh@ucoz.com,5052605943
Conny,McAree,cmcareedi@google.cn,9834035748
Mirella,Larne,mlarnedj@tiny.cc,1210062569
Bernie,Cockshoot,bcockshootdk@barnesandnoble.com,4876701717
Tonie,Ellicombe,tellicombedl@go.com,9271541707
Ham,Jenicek,hjenicekdm@merriam-webster.com,5715472199
Jonis,Easman,jeasmandn@cbslocal.com,4592802594
Norrie,Shakesbye,nshakesbyedo@bbb.org,4800321654
Pammi,Jablonski,pjablonskidp@zdnet.com,0221173226
Zebulen,Winspur,zwinspurdq@artisteer.com,1765991544
Pierrette,Borley,pborleydr@ibm.com,3673819984
Ernst,Arton,eartonds@google.co.jp,6725243045
Fifine,Petrenko,fpetrenkodt@unblog.fr,7238479206
Helaine,Jerram,hjerramdu@engadget.com,9555441030
Osmund,Surcombe,osurcombedv@creativecommons.org,7890666721
Charles,Owbrick,cowbrickdw@elpais.com,9287680833
Christiane,Bengtsen,cbengtsendx@yelp.com,0885172469
Langsdon,Cammock,lcammockdy@shop-pro.jp,5627855932
Victoir,Foden,vfodendz@purevolume.com,1860234046
Christoffer,Persey,cperseye0@edublogs.org,8028278159
Cameron,Vairow,cvairowe1@flickr.com,5628827592
Newton,Marchbank,nmarchbanke2@upenn.edu,7763771534
Riobard,Scutter,rscuttere3@wufoo.com,6235460368
Ezri,Glascott,eglascotte4@webeden.co.uk,3493522908
Loydie,Braun,lbraune5@rediff.com,5050932742
Steffane,Cootes,scootese6@ameblo.jp,5917437300
Dugald,Bertram,dbertrame7@ocn.ne.jp,0948074221
Gerrard,Covey,gcoveye8@webnode.com,1702751090
Galvan,Wyard,gwyarde9@tinyurl.com,7954434311
Quentin,Trenam,qtrenamea@samsung.com,7549170592
Freddy,Steenson,fsteensoneb@techcrunch.com,0823349578
Reine,McGurn,rmcgurnec@flickr.com,5389362608
Timofei,Symson,tsymsoned@latimes.com,7592606038
Chelsea,MacAdam,cmacadamee@admin.ch,3940832553
Chrissie,Liptrot,cliptrotef@intel.com,2605345300
Barnabe,McIlmorie,bmcilmorieeg@eepurl.com,4925504096
Donnell,Dankersley,ddankersleyeh@mediafire.com,9409540046
Billie,Roja,brojaei@blinklist.com,4188067845
Auguste,Huck,ahuckej@sphinn.com,3853898203
Hildegaard,Leary,hlearyek@illinois.edu,7411361666
Bliss,Mathewes,bmathewesel@sfgate.com,4771775281
Edithe,Alven,ealvenem@springer.com,4135896839
Denna,Kimmons,dkimmonsen@51.la,8604152474
Avrom,Gooderham,agooderhameo@wired.com,9753176031
Phyllys,Tabart,ptabartep@domainmarket.com,5008077902
Sissy,Edmundson,sedmundsoneq@twitter.com,9181771665
Rouvin,Pimlett,rpimletter@hud.gov,4326549548
Marianne,Cawdell,mcawdelles@so-net.ne.jp,1205764151
Daile,Minchin,dminchinet@howstuffworks.com,1388566427
Janetta,Barnard,jbarnardeu@desdev.cn,4708148305
Prescott,Roels,proelsev@wix.com,1938266374
Althea,Heditch,aheditchew@shutterfly.com,9287597308
Emmanuel,Abrashkin,eabrashkinex@quantcast.com,4648040155
Corrinne,Geraghty,cgeraghtyey@rediff.com,7171800695
Marmaduke,Gatchel,mgatchelez@php.net,4792223326
Vance,Lester,vlesterf0@ehow.com,8636998158
Mia,Pues,mpuesf1@webeden.co.uk,8012689782
Clair,Alwin,calwinf2@xrea.com,7121501481
Margie,Gailor,mgailorf3@qq.com,9755287434
Eric,Bartolozzi,ebartolozzif4@addthis.com,0936067314
Herta,Ehrat,hehratf5@mayoclinic.com,3050352981
Crissy,Borlease,cborleasef6@craigslist.org,2660486662
Bondy,Rihanek,brihanekf7@webmd.com,5339014983
Agnese,Krysztowczyk,akrysztowczykf8@tripadvisor.com,5277250867
Katya,Beagley,kbeagleyf9@desdev.cn,0706161033
Curr,Christofle,cchristoflefa@sina.com.cn,6687636308
Anica,Labrone,alabronefb@storify.com,9570531142
Jayme,Hebblethwaite,jhebblethwaitefc@eventbrite.com,1056760265
Olvan,Hollidge,ohollidgefd@answers.com,0933295898
Shelbi,Goldfinch,sgoldfinchfe@acquirethisname.com,1441821066
Dyna,Itzkovitch,ditzkovitchff@macromedia.com,9640538639
Leoine,Ullrich,lullrichfg@google.com,3236428430
Ailey,Bentje,abentjefh@list-manage.com,2139422651
Mallorie,Boon,mboonfi@nydailynews.com,9745693049
Cassaundra,Papa,cpapafj@auda.org.au,8810651804
Sherri,McLarens,smclarensfk@altervista.org,3631809468
Michaella,Simonsen,msimonsenfl@homestead.com,4819758802
Davy,Litton,dlittonfm@oakley.com,6549459303
Gaspar,Halloran,ghalloranfn@ftc.gov,6226321830
Filip,Vercruysse,fvercruyssefo@telegraph.co.uk,0645435740
Vicky,Sukbhans,vsukbhansfp@artisteer.com,9523645188
Indira,Morgans,imorgansfq@umn.edu,8341060019
Dahlia,Deesly,ddeeslyfr@msn.com,3344480782
Ricca,Millimoe,rmillimoefs@rediff.com,3741685348
Matthieu,Ranner,mrannerft@sourceforge.net,0545332869
Jan,Boch,jbochfu@cargocollective.com,7525891729
Seward,Lassells,slassellsfv@livejournal.com,6986917392
Barbey,Shipperbottom,bshipperbottomfw@quantcast.com,9560674196
Marybelle,Quayle,mquaylefx@studiopress.com,1592214878
Georgeanne,Tewkesberrie,gtewkesberriefy@xinhuanet.com,3991300680
Franciska,Tanswill,ftanswillfz@hc360.com,2238576045
Cristionna,Fominov,cfominovg0@earthlink.net,7435391638
Corenda,Knyvett,cknyvettg1@w3.org,3110235951
Cindie,Erdes,cerdesg2@fc2.com,2050630573
Audi,Hawtin,ahawting3@ibm.com,2364720958
Francisco,Parradine,fparradineg4@stumbleupon.com,7656338861
Benji,Dengel,bdengelg5@usa.gov,1544799772
Daphna,Sloyan,dsloyang6@stanford.edu,9754388121
Eberhard,MacConchie,emacconchieg7@uiuc.edu,5537862670
Kaylil,Beton,kbetong8@hibu.com,4965082958
Ruby,Scandrick,rscandrickg9@usnews.com,9665522574
Shelbi,Joysey,sjoyseyga@bluehost.com,4226706269
Shanna,Pealing,spealinggb@comsenz.com,6373111911
Pincas,Bercevelo,pbercevelogc@google.com.au,4959571810
Daile,Maryet,dmaryetgd@so-net.ne.jp,2145630821
Danny,Althrope,dalthropege@chicagotribune.com,6432879590
Joan,MacAvddy,jmacavddygf@xrea.com,1806960931
Brana,Popping,bpoppinggg@nytimes.com,6792844888
Valerye,Duddan,vduddangh@booking.com,9926182461
Avivah,Denzey,adenzeygi@telegraph.co.uk,4373504229
Emmalynn,Byatt,ebyattgj@skyrock.com,9944061115
Margaux,Fibbit,mfibbitgk@wufoo.com,8511934596
Lavinia,Fossett,lfossettgl@imageshack.us,0332981916
Rab,Chaim,rchaimgm@fc2.com,7564443707
Nealy,De Moreno,ndemorenogn@quantcast.com,4296917536
Madelena,Bellingham,mbellinghamgo@sbwire.com,3724443692
Case,MacGillespie,cmacgillespiegp@github.io,2575578671
Cinda,Sparry,csparrygq@ow.ly,4014696545
Karim,Swinbourne,kswinbournegr@howstuffworks.com,8188693065
Tania,Glandon,tglandongs@theglobeandmail.com,2524554686
Max,Zannini,mzanninigt@sbwire.com,3028114232
Sileas,Lumsdall,slumsdallgu@admin.ch,9868454565
Adelbert,Soda,asodagv@about.me,7525464278
Annabel,Hatchman,ahatchmangw@unesco.org,0230442005
Nadean,Manie,nmaniegx@ezinearticles.com,6983604830
Theo,Gouldeby,tgouldebygy@opensource.org,7838128528
Ericka,Keable,ekeablegz@cbsnews.com,7535252230
Teddie,Cooksey,tcookseyh0@freewebs.com,8635135091
Lavinie,Caffery,lcafferyh1@cmu.edu,0693841702
Adella,Smewin,asmewinh2@java.com,6728622543
Jozef,Scorthorne,jscorthorneh3@businesswire.com,9512578816
Sauveur,Frangione,sfrangioneh4@netlog.com,0605801266
Kaine,Durbyn,kdurbynh5@prlog.org,5979167250
Salvatore,Gainsburgh,sgainsburghh6@bigcartel.com,3206392551
Caresse,Janjic,cjanjich7@hexun.com,1706113218
Tiffani,Edeler,tedelerh8@cornell.edu,6324837483
Glynn,Batecok,gbatecokh9@geocities.jp,6478446085
Kerry,Plumridge,kplumridgeha@zdnet.com,8863871221
Kippy,Moden,kmodenhb@sfgate.com,7974259299
Sebastien,Desesquelle,sdesesquellehc@studiopress.com,5226797516
Reyna,Tomasz,rtomaszhd@miitbeian.gov.cn,1558161074
Nestor,Silverstone,nsilverstonehe@miibeian.gov.cn,9174664042
Lara,O'Mailey,lomaileyhf@rakuten.co.jp,1259369056
Binky,Ackenson,backensonhg@gmpg.org,8189822551
Rebekah,Blackstone,rblackstonehh@answers.com,1667071122
Phillipe,Christol,pchristolhi@mit.edu,3809493791
Forbes,Meers,fmeershj@hexun.com,4740437996
Trudey,Benit,tbenithk@cargocollective.com,8602943059
Merline,Beardall,mbeardallhl@theatlantic.com,1871575435
Adriana,Tylor,atylorhm@npr.org,6445713890
Redd,Hartburn,rhartburnhn@ft.com,2812015780
Claudio,Myall,cmyallho@cyberchimps.com,8391228231
Stacee,Elner,selnerhp@devhub.com,4440522327
Cchaddie,Costell,ccostellhq@aol.com,6273869375
Berny,Heathcote,bheathcotehr@addtoany.com,8756472803
Shane,Ashwin,sashwinhs@newyorker.com,8051689364
Isa,Filyaev,ifilyaevht@i2i.jp,8251639875
Bobbie,Ericssen,bericssenhu@wunderground.com,4423947889
Georgetta,Peeters,gpeetershv@friendfeed.com,9832169232
Nert,Breit,nbreithw@techcrunch.com,8548135824
Woodrow,Josovich,wjosovichhx@freewebs.com,7568835774
Clifford,Possell,cpossellhy@people.com.cn,5798909018
Garrick,Cowey,gcoweyhz@youtube.com,0737260076
Graham,Radish,gradishi0@trellian.com,6034824087
Swen,Weaving,sweavingi1@wordpress.org,8479913851
Darline,Stares,dstaresi2@netlog.com,8667127310
Millie,Torrejon,mtorrejoni3@bbc.co.uk,1696172497
Ottilie,Goley,ogoleyi4@myspace.com,2926335679
Nan,Habbergham,nhabberghami5@blinklist.com,7588744952
Alla,Dullard,adullardi6@scientificamerican.com,2495185215
Berni,Bisseker,bbissekeri7@yale.edu,4417347832
Hedwig,O'Hoolahan,hohoolahani8@purevolume.com,7517773879
Stepha,Mylchreest,smylchreesti9@upenn.edu,8973183575
Lonna,Mahody,lmahodyia@wordpress.com,7539504129
Gaile,Loncaster,gloncasterib@smh.com.au,1227883757
Evania,Skyme,eskymeic@cnet.com,2245158628
Orelee,Fullard,ofullardid@sakura.ne.jp,6490089521
Lucia,Dumphrey,ldumphreyie@cargocollective.com,0459461621
Kathye,Le Merchant,klemerchantif@google.com.hk,8665954821
Coral,Jeffree,cjeffreeig@eepurl.com,0151119678
Maddalena,Issatt,missattih@census.gov,5201163599
Loreen,Knight,lknightii@pinterest.com,8973545280
Mariya,Mattia,mmattiaij@tmall.com,9111280530
Deena,Tejero,dtejeroik@symantec.com,1391793021
Smith,Aynold,saynoldil@wp.com,6509314797
Adolpho,Garber,agarberim@addthis.com,1289082278
Christi,Picheford,cpichefordin@china.com.cn,0848673670
Amandi,Scotchmer,ascotchmerio@mysql.com,1117018490
Ardenia,Dumberell,adumberellip@state.tx.us,6717119497
Creight,Endacott,cendacottiq@usnews.com,0009242724
Jobey,Sarfas,jsarfasir@scribd.com,3503789081
Rochell,O'Sesnane,rosesnaneis@printfriendly.com,8577910067
Traci,Whitlock,twhitlockit@nyu.edu,9719805218
Buck,Windrum,bwindrumiu@newsvine.com,7570624866
Denys,Dumbell,ddumbelliv@tuttocitta.it,5385099643
Mendy,Olive,moliveiw@npr.org,7652286077
Kristien,Strangman,kstrangmanix@abc.net.au,7514921605
Nannie,Chrisp,nchrispiy@msn.com,7758832539
Rhodie,Payley,rpayleyiz@sun.com,6474713968
Meyer,Naptine,mnaptinej0@marriott.com,8903976193
Malva,Blackborough,mblackboroughj1@nih.gov,6799794886
Devonna,Vardie,dvardiej2@lulu.com,1073432319
Camel,Hammarberg,chammarbergj3@moonfruit.com,0895334909
Blair,Waters,bwatersj4@un.org,6190077544
Jena,Broggini,jbrogginij5@ehow.com,7920064066
Berkly,Colpus,bcolpusj6@usgs.gov,6561454774
Marina,Tunno,mtunnoj7@ycombinator.com,1329835794
Cindee,Wightman,cwightmanj8@nytimes.com,0382156889
Madella,Lorrie,mlorriej9@dell.com,5853659545
Bradan,Kirckman,bkirckmanja@addthis.com,8273332861
Gerri,Lugton,glugtonjb@kickstarter.com,5173300914
Charil,Pittendreigh,cpittendreighjc@cam.ac.uk,2308388838
Nicholas,Tebbs,ntebbsjd@yolasite.com,9018570850
Kate,McCorrie,kmccorrieje@eepurl.com,4095248041
Benoite,Tookill,btookilljf@addthis.com,9898240342
Salome,Hunt,shuntjg@sbwire.com,2326513274
Ignatius,Standingford,istandingfordjh@marketwatch.com,0814660622
Gunar,Kinsman,gkinsmanji@youtube.com,1984230441
Concettina,Shorto,cshortojj@squidoo.com,0405405642
Hy,Elliott,helliottjk@google.co.uk,1085334546
Iolande,Strelitz,istrelitzjl@netscape.com,8643994154
Aleen,Dipple,adipplejm@nsw.gov.au,6431720423
Miguel,Genthner,mgenthnerjn@sourceforge.net,8379298411
Melisse,MacColgan,mmaccolganjo@gizmodo.com,0304242659
Cinderella,Dutchburn,cdutchburnjp@clickbank.net,6891870046
Rickie,Broomfield,rbroomfieldjq@google.es,6023278612
Willy,Dineges,wdinegesjr@squarespace.com,4286297365
Guendolen,Wickes,gwickesjs@scientificamerican.com,8001374793
Chere,ducarme,cducarmejt@ucsd.edu,2993905511
Trina,Hallatt,thallattju@harvard.edu,8908284095
Ches,Maulden,cmauldenjv@youku.com,0417273878
Rouvin,Scolding,rscoldingjw@exblog.jp,5785491680
Kissie,Schneider,kschneiderjx@nature.com,8975286282
Greg,Heading,gheadingjy@google.es,9737765370
Lara,Bensen,lbensenjz@nifty.com,6865281209
Devonne,Bulfoot,dbulfootk0@4shared.com,1043349278
Louie,Syratt,lsyrattk1@angelfire.com,4967237630
Jarred,Deport,jdeportk2@virginia.edu,0363705090
Tim,Sherwill,tsherwillk3@scribd.com,2302064844
Torey,Devaney,tdevaneyk4@wordpress.org,1497099528
Winnie,Costain,wcostaink5@squarespace.com,8049258149
Riannon,Faloon,rfaloonk6@hatena.ne.jp,9963906281
Sky,Vela,svelak7@exblog.jp,1972409107
Bennett,Foakes,bfoakesk8@phpbb.com,5290419489
Sallee,Drinkel,sdrinkelk9@tiny.cc,2706296577
Hedwiga,Reedy,hreedyka@constantcontact.com,5904074069
Stacy,Boncoeur,sboncoeurkb@google.com,2049734980
Giacinta,Ricket,gricketkc@taobao.com,1538295563
Romy,Normansell,rnormansellkd@acquirethisname.com,9266095036
Shelley,Burgiss,sburgisske@newyorker.com,2615811703
Garrick,Shankster,gshanksterkf@webeden.co.uk,2739158807
Milton,Robertz,mrobertzkg@pinterest.com,9636545243
Rosana,Vanini,rvaninikh@behance.net,1490937498
Alano,Corston,acorstonki@addtoany.com,8324687610
Crin,Tuck,ctuckkj@nps.gov,2858768730
Ole,Yackiminie,oyackiminiekk@microsoft.com,4135843085
Cross,Pickvance,cpickvancekl@qq.com,2439873810
Sheila-kathryn,de Savery,sdesaverykm@accuweather.com,8895261801
Ulrikaumeko,Golby,ugolbykn@addthis.com,7172307909
Cyndi,Klouz,cklouzko@shutterfly.com,9513890937
Margit,Dando,mdandokp@bluehost.com,7016326470
Brannon,Abramchik,babramchikkq@php.net,0073832073
Diane-marie,Damarell,ddamarellkr@123-reg.co.uk,5404023031
Karisa,Crumly,kcrumlyks@goodreads.com,1948476762
Cly,Liptrot,cliptrotkt@scribd.com,5603734418
Allen,Walthall,awalthallku@bing.com,4708159471
Chery,Stiant,cstiantkv@nydailynews.com,6538047890
Garrett,Stern,gsternkw@wsj.com,7896268167
Noah,Tilne,ntilnekx@mail.ru,0142769460
Timoteo,Poley,tpoleyky@nbcnews.com,9205746800
Zorah,McCreath,zmccreathkz@blogspot.com,0737586990
Kirsten,Pointer,kpointerl0@fotki.com,8957387110
Alvin,Stone Fewings,astonefewingsl1@elegantthemes.com,2876724022
Lynda,Borsi,lborsil2@wikispaces.com,6361893456
Anne-corinne,Grim,agriml3@bandcamp.com,3731971933
Fee,Argile,fargilel4@irs.gov,2467210030
Adelbert,Fingleton,afingletonl5@webeden.co.uk,4892529168
Donovan,Betun,dbetunl6@tripod.com,4400641244
Major,Hanwell,mhanwelll7@ezinearticles.com,8177476068
Linn,Wolfenden,lwolfendenl8@timesonline.co.uk,7979938968
Lenee,Jaggli,ljagglil9@samsung.com,2582393533
Mabelle,Birtwhistle,mbirtwhistlela@google.pl,6231761312
Agace,Kidd,akiddlb@spiegel.de,5767295719
Lizbeth,Earl,learllc@admin.ch,6482073158
Shanna,Cannell,scannellld@ning.com,9601041508
Pembroke,Rumbellow,prumbellowle@lycos.com,4042709427
Tyrone,McCurrie,tmccurrielf@nhs.uk,2270910826
Krystal,Cawley,kcawleylg@zimbio.com,5594596682
Nonah,Ambridge,nambridgelh@unblog.fr,4433441201
Christoffer,Loeber,cloeberli@canalblog.com,3531912054
Krista,Shipway,kshipwaylj@github.com,8343005139
Sherm,Doctor,sdoctorlk@photobucket.com,4582697356
Sophi,Trebbett,strebbettll@sitemeter.com,0446118818
Waldo,Langstaff,wlangstafflm@wisc.edu,8635973658
Dory,Grills,dgrillsln@lycos.com,4551224898
Inger,Beauchop,ibeauchoplo@wikimedia.org,1420737015
Audrye,MacMurray,amacmurraylp@homestead.com,6254860163
Reagan,Duffer,rdufferlq@umich.edu,4604915725
Milzie,McAviy,mmcaviylr@wordpress.org,6480186370
Roman,Petley,rpetleyls@forbes.com,4580919440
Elaina,Pandya,epandyalt@nasa.gov,0863084931
Christopher,Wakeley,cwakeleylu@accuweather.com,4833107023
Daphene,Whytock,dwhytocklv@addthis.com,2704077142
Glen,Maccree,gmaccreelw@ucla.edu,6840969150
Darlene,Travers,dtraverslx@xing.com,3342141050
Maryann,Strowan,mstrowanly@berkeley.edu,3755894203
Delcina,Challace,dchallacelz@myspace.com,4432351713
Astra,Castillon,acastillonm0@list-manage.com,7936998926
Rasia,Perroni,rperronim1@t-online.de,4721523025
Faith,Erswell,ferswellm2@yolasite.com,2528110316
Lyda,Karel,lkarelm3@goo.gl,1094046280
Konstanze,Baldock,kbaldockm4@addtoany.com,5974820568
Kippy,Dipple,kdipplem5@gov.uk,5716828213
Donavon,Bessey,dbesseym6@europa.eu,1079278656
Katina,Son,ksonm7@bloomberg.com,3295792623
Shermie,Durran,sdurranm8@wordpress.org,4130791133
Hetty,Kybbye,hkybbyem9@over-blog.com,2102145239
Finley,Edel,fedelma@tripod.com,9760284553
Patti,Huttley,phuttleymb@howstuffworks.com,6117296614
Sunny,Peery,speerymc@ebay.co.uk,3298037842
Wilhelmine,Batham,wbathammd@mlb.com,2466723069
Llewellyn,Gameson,lgamesonme@techcrunch.com,0380931206
Nealon,Manton,nmantonmf@ucsd.edu,2094299848
Jeremie,McArtan,jmcartanmg@dot.gov,3177838631
Homer,Scudder,hscuddermh@icio.us,3288445875
Henriette,Mabbott,hmabbottmi@godaddy.com,0376588241
Doloritas,Lackemann,dlackemannmj@infoseek.co.jp,8693045008
Cornela,Abbot,cabbotmk@sohu.com,8689334939
Gerri,Sandels,gsandelsml@japanpost.jp,1844082687
Dorisa,Grimmert,dgrimmertmm@altervista.org,6359020858
Aurore,Van Der Hoog,avanderhoogmn@homestead.com,3655651996
Joscelin,Madre,jmadremo@sbwire.com,6070512189
Tatiania,Pankhurst.,tpankhurstmp@tuttocitta.it,4192942003
Arlee,Oen,aoenmq@feedburner.com,5483031210
Liuka,Hayto,lhaytomr@usatoday.com,6582427881
Barron,Coase,bcoasems@webeden.co.uk,7363461023
Tracey,Huetson,thuetsonmt@ucoz.com,8186100482
Julianna,Abrami,jabramimu@skype.com,6125560155
Armand,Perrie,aperriemv@rambler.ru,5300437360
Alon,Braker,abrakermw@artisteer.com,7659488007
Polly,Todman,ptodmanmx@tmall.com,8608163160
Derrek,Skelhorn,dskelhornmy@mozilla.com,4605235698
Pattie,Perche,pperchemz@globo.com,7698234746
Meredeth,Scedall,mscedalln0@trellian.com,9054897120
Pincas,Mason,pmasonn1@privacy.gov.au,3385033144
Anallese,Norrey,anorreyn2@nytimes.com,6015633956
Fonsie,Medcalfe,fmedcalfen3@tripod.com,6083911508
Gardner,Whitter,gwhittern4@goo.gl,7904420244
Kimbell,Scrace,kscracen5@google.com,4606840080
Deanna,Dietzler,ddietzlern6@simplemachines.org,2374091783
Jess,Ashfold,jashfoldn7@linkedin.com,8197831963
Ashley,Handscomb,ahandscombn8@smugmug.com,4110206731
Osbourne,Keene,okeenen9@sphinn.com,9863461296
Jed,Handforth,jhandforthna@census.gov,2662971010
Clay,Ginie,cginienb@newyorker.com,7969562744
Cris,Humbell,chumbellnc@disqus.com,4409646737
Ronald,MacPharlain,rmacpharlainnd@tumblr.com,1175215708
Elysia,O'Luney,eoluneyne@rakuten.co.jp,6494871852
Ossie,Withams,owithamsnf@stanford.edu,9740919502
Bari,Jonathon,bjonathonng@twitter.com,8906848773
Dennie,Rickard,drickardnh@unblog.fr,9232021641
Kelcie,Boomes,kboomesni@si.edu,5066499555
Fritz,Loffhead,floffheadnj@intel.com,4056907005
Renie,Sparey,rspareynk@senate.gov,7350496915
Tierney,Mewrcik,tmewrciknl@usgs.gov,2339563666
Thaine,Crigin,tcriginnm@earthlink.net,7199050658
Lyndy,Greger,lgregernn@slideshare.net,6216889885
Sibley,Patmore,spatmoreno@fastcompany.com,5141469794
Lawry,Shelford,lshelfordnp@nifty.com,9313042118
Vivianna,Colegate,vcolegatenq@elpais.com,0907001572
Elmo,Honig,ehonignr@list-manage.com,3533250172
Christie,Pursehouse,cpursehousens@themeforest.net,0127815007
Uriel,Vigars,uvigarsnt@psu.edu,7740138444
Ruthy,Tavener,rtavenernu@apache.org,0130754587
Doe,Gomm,dgommnv@patch.com,2118529120
Sophronia,Shilston,sshilstonnw@slideshare.net,0319019594
Cord,Bulbeck,cbulbecknx@oakley.com,2463705078
Daryl,Matzeitis,dmatzeitisny@weather.com,0347932827
Clemmy,Boyen,cboyennz@wp.com,6932478870
Kirsten,Adriaens,kadriaenso0@usa.gov,2535746034
Brig,O'Doherty,bodohertyo1@altervista.org,2312532565
Thalia,McGilroy,tmcgilroyo2@parallels.com,5040300077
Alli,Shirtliff,ashirtliffo3@telegraph.co.uk,2066992798
Quentin,Hebdon,qhebdono4@ucoz.ru,6767248355
Gay,Eckley,geckleyo5@mail.ru,8759320621
Tressa,Oris,toriso6@cnbc.com,8468082732
Danyette,Branson,dbransono7@cyberchimps.com,6394127795
Lilith,Gunton,lguntono8@scribd.com,1084172429
Alaster,Spear,aspearo9@4shared.com,1747093459
Margo,McKinley,mmckinleyoa@dailymail.co.uk,9707408332
Graham,Peterkin,gpeterkinob@businesswire.com,0245797645
Luke,Lantoph,llantophoc@smh.com.au,1862671567
Napoleon,Verner,nvernerod@npr.org,5705409397
Alphonso,Patek,apatekoe@php.net,2728822689
Debora,Buckthorp,dbuckthorpof@mozilla.org,4784611479
Tobit,Baistow,tbaistowog@themeforest.net,5405742406
Stanwood,Hampton,shamptonoh@about.com,5985927881
Petronilla,Breyt,pbreytoi@lulu.com,3966066637
Field,Cromer,fcromeroj@earthlink.net,5466748838
Christiano,Heddy,cheddyok@examiner.com,6391337152
Lorelei,Cockell,lcockellol@blogtalkradio.com,6406587774
Isabelita,Pilley,ipilleyom@ifeng.com,7516514810
Brocky,Roblin,broblinon@globo.com,9489802956
Tibold,Gallamore,tgallamoreoo@nationalgeographic.com,5705427204
Artair,Mogridge,amogridgeop@google.com.hk,5180105854
Blake,Criple,bcripleoq@mozilla.org,0558444520
Nicolas,Kenworthey,nkenwortheyor@mozilla.org,6138572572
Thibaut,Trevenu,ttrevenuos@technorati.com,7176393990
Pierson,Lourens,plourensot@reuters.com,4599933295
Egbert,Levin,elevinou@psu.edu,2477447920
Mimi,Brashaw,mbrashawov@alexa.com,8326751758
Reuben,Ellerey,rellereyow@marketwatch.com,3598421516
Marysa,Hacking,mhackingox@soup.io,5332337191
Ema,Loughney,eloughneyoy@ehow.com,5886734406
Luciano,Cash,lcashoz@youku.com,4813757804
Starlin,Clayhill,sclayhillp0@wunderground.com,1904354653
Randie,Pentelow,rpentelowp1@cnn.com,8168177053
Row,Echalier,rechalierp2@whitehouse.gov,1807882136
Fayina,Kepp,fkeppp3@homestead.com,4432426772
Evvie,Cardozo,ecardozop4@epa.gov,8750154958
Roselia,Courtonne,rcourtonnep5@economist.com,3954116081
Katalin,Gretham,kgrethamp6@pen.io,1216341257
Dennie,Lernihan,dlernihanp7@earthlink.net,1602225680
Joshia,Maasze,jmaaszep8@xinhuanet.com,2569629588
Ali,Nibloe,anibloep9@sitemeter.com,4335819390
Duncan,Griffen,dgriffenpa@disqus.com,5494315789
Aubry,Lean,aleanpb@bravesites.com,0281121095
Guenevere,Brabbins,gbrabbinspc@columbia.edu,8051499913
Creigh,Addicott,caddicottpd@github.com,3987293861
Izak,Tejada,itejadape@bigcartel.com,0802771122
Romy,Simond,rsimondpf@spiegel.de,7838193877
Matty,Bradie,mbradiepg@chron.com,8845532607
Alaine,Josilowski,ajosilowskiph@t.co,6914367515
Amos,Karleman,akarlemanpi@woothemes.com,0090766571
Ruby,Ilyunin,rilyuninpj@theatlantic.com,1318180589
Madalyn,Bedinn,mbedinnpk@reverbnation.com,9645435838
Ninon,Chennells,nchennellspl@lulu.com,4155037173
Jorgan,Hablet,jhabletpm@berkeley.edu,9568591214
Hillier,Scurrell,hscurrellpn@pinterest.com,9711044013
Kirstyn,Saice,ksaicepo@usgs.gov,2772231410
Orton,Lamplugh,olamplughpp@wunderground.com,6761577330
Allen,Munford,amunfordpq@sakura.ne.jp,3539718648
Bethena,Childers,bchilderspr@who.int,9678459175
Hartwell,Neles,hnelesps@google.es,1804511277
Lazarus,Binny,lbinnypt@amazonaws.com,5715539064
Pavel,Curling,pcurlingpu@163.com,2671438117
Michael,Bryceson,mbrycesonpv@hatena.ne.jp,0277444608
Corey,Seville,csevillepw@typepad.com,0627235638
Marita,Mac Giany,mmacgianypx@bloomberg.com,7046039313
Tyson,Ibell,tibellpy@example.com,7915864025
Ethan,Hansley,ehansleypz@e-recht24.de,6413386495
Oby,Desesquelle,odesesquelleq0@webmd.com,3229569156
Kane,Bedlington,kbedlingtonq1@cpanel.net,5415604529
Linn,Bewley,lbewleyq2@symantec.com,1316000338
Patten,Drysdall,pdrysdallq3@163.com,1929682646
Quillan,Fellini,qfelliniq4@ebay.com,3592523805
Gerardo,Hurcombe,ghurcombeq5@ehow.com,7407309817
Darby,Fordyce,dfordyceq6@vinaora.com,8526508784
Davin,Pinshon,dpinshonq7@joomla.org,1464369453
Buffy,Dulanty,bdulantyq8@smh.com.au,1896380336
Ofella,Turneaux,oturneauxq9@cloudflare.com,4568152305
Eberto,Simoncini,esimonciniqa@mozilla.org,9803848186
Olivia,Barrowcliffe,obarrowcliffeqb@youku.com,0342449265
De witt,Abbot,dabbotqc@amazonaws.com,5203481229
Rene,Rickell,rrickellqd@last.fm,9241518294
Arnoldo,Gilgryst,agilgrystqe@washington.edu,2497282978
Angelita,Weben,awebenqf@histats.com,4263859324
Hedi,Iggalden,higgaldenqg@stumbleupon.com,8226717027
Art,Gaymer,agaymerqh@mozilla.org,7139954054
Goddard,Laverick,glaverickqi@blogtalkradio.com,4467441336
Galven,Hargitt,ghargittqj@oakley.com,8957119027
Patience,Kidde,pkiddeqk@dyndns.org,4895990605
Jerrylee,Scobie,jscobieql@baidu.com,7722155197
Lilyan,McCardle,lmccardleqm@issuu.com,0712847677
Erskine,Pietrusiak,epietrusiakqn@blogtalkradio.com,9785711390
Raddie,Lutas,rlutasqo@amazon.co.uk,6874886886
Vin,Macrow,vmacrowqp@histats.com,1223712532
Leda,Donan,ldonanqq@google.cn,5066244999
Hieronymus,McArdell,hmcardellqr@constantcontact.com,4837293905
Scarlett,Larenson,slarensonqs@amazon.de,4541299887
Noella,Schwieso,nschwiesoqt@google.nl,7597853599
Ajay,Mardy,amardyqu@home.pl,9868273285
Wilton,Doudny,wdoudnyqv@booking.com,6322975161
Vania,Bedboro,vbedboroqw@tinyurl.com,0847976688
Feodora,Nystrom,fnystromqx@twitter.com,1999315766
Jannel,Boffin,jboffinqy@examiner.com,3730013629
Laural,Ranson,lransonqz@wikimedia.org,3679645856
Ruthann,Marston,rmarstonr0@live.com,3098169796
Thane,Fann,tfannr1@last.fm,4500675531
Carleton,McGibbon,cmcgibbonr2@creativecommons.org,8262998154
Lewie,Tatlow,ltatlowr3@bloglovin.com,1858112338
Michail,Featherstone,mfeatherstoner4@ed.gov,0279162049
Neely,Lishmund,nlishmundr5@etsy.com,5221527316
Claresta,Robertazzi,crobertazzir6@ftc.gov,9981848115
Levi,Roache,lroacher7@bluehost.com,2892405017
Maxim,Roundtree,mroundtreer8@wix.com,6371201697
Rois,Jurkowski,rjurkowskir9@pen.io,3200319348
Rice,Vigurs,rvigursra@trellian.com,4172330363
Kincaid,Clues,kcluesrb@deliciousdays.com,0754152693
Dietrich,Peiser,dpeiserrc@joomla.org,5635668852
Tressa,Gaitskill,tgaitskillrd@cpanel.net,1950577945
Dreddy,Mahy,dmahyre@usnews.com,4862675069
Jeffry,Pourvoieur,jpourvoieurrf@sciencedaily.com,9147025298
Katharina,Bach,kbachrg@yelp.com,6066180649
Leif,Iorizzo,liorizzorh@skype.com,4725554324
Freda,Ackroyd,fackroydri@mtv.com,4142614207
Laughton,Coucher,lcoucherrj@tuttocitta.it,7634835382
Bernadene,Kersey,bkerseyrk@skype.com,5682457021
Fredi,Fortesquieu,ffortesquieurl@multiply.com,7674327817
Salomi,Schwander,sschwanderrm@slate.com,1002323851
Hugues,Forrest,hforrestrn@mlb.com,3030068404
Midge,Slade,msladero@go.com,6623464557
Zena,Burburough,zburburoughrp@nature.com,4189665789
Jerrie,Hariot,jhariotrq@g.co,7890543336
Steffen,Margeram,smargeramrr@cmu.edu,8589047040
