fname,lname,email,social
Kassandra,Toffolo,ktoffolo0@jiathis.com,608-76-1134
Kellina,McGiven,kmcgiven1@behance.net,604-94-5540
Sutherland,Brent,sbrent2@sitemeter.com,876-74-3581
Nickie,Lerway,nlerway3@cnet.com,148-09-9116
Arlina,McCathay,amccathay4@flickr.com,331-19-6594
Salem,Sheringham,ssheringham5@toplist.cz,446-99-6831
Amos,Huitson,ahuitson6@mtv.com,493-21-8447
Nan,Durham,ndurham7@unc.edu,540-87-8426
Aubrey,Walisiak,awalisiak8@independent.co.uk,425-93-2406
Huntlee,Pittam,hpittam9@telegraph.co.uk,300-73-9029
Amber,Benning,abenninga@exblog.jp,525-51-9135
Danny,Fydoe,dfydoeb@cbslocal.com,780-56-0391
Ann-marie,Tingly,atinglyc@vimeo.com,827-45-8812
Carlynne,Kinker,ckinkerd@dropbox.com,596-77-7201
Lida,Ferrick,lferricke@businesswire.com,789-34-1192
Jerad,Heilds,jheildsf@jimdo.com,706-21-1265
Seamus,Stait,sstaitg@google.com.au,239-77-7554
Briny,Fettiplace,bfettiplaceh@stumbleupon.com,451-38-3890
Bonita,Gauntlett,bgauntletti@xinhuanet.com,479-58-8778
Ernst,Dovydenas,edovydenasj@vk.com,543-18-9710
Baryram,McKaile,bmckailek@webeden.co.uk,815-11-5608
Kane,Sanham,ksanhaml@dailymail.co.uk,897-15-2181
Elmira,Brisard,ebrisardm@photobucket.com,486-45-1418
Modesty,Tibald,mtibaldn@ycombinator.com,654-28-4579
Kirby,Pogson,kpogsono@barnesandnoble.com,685-63-8989
Annabal,Lamps,alampsp@sbwire.com,802-73-5550
Garvin,Iddens,giddensq@biglobe.ne.jp,268-85-9462
Thayne,Liston,tlistonr@simplemachines.org,330-93-3809
Lavinie,Fellowes,lfellowess@ameblo.jp,684-50-8398
Natala,Sinkinson,nsinkinsont@patch.com,847-69-1915
Nicki,Lerwill,nlerwillu@slashdot.org,740-92-1210
Darrin,Willmont,dwillmontv@desdev.cn,259-84-7087
Byrann,Trays,btraysw@mysql.com,545-18-3529
Gregg,Tarbatt,gtarbattx@lycos.com,802-77-5989
Kelly,Yarker,kyarkery@people.com.cn,259-66-3560
Harvey,Frascone,hfrasconez@mail.ru,438-33-9881
Loy,Axford,laxford10@cornell.edu,600-13-1434
Thorny,Piffe,tpiffe11@dropbox.com,362-14-3258
Morganica,Waything,mwaything12@163.com,599-13-0255
Callida,Billham,cbillham13@people.com.cn,668-49-6996
Gustie,Thying,gthying14@artisteer.com,575-44-3437
Marina,Degg,mdegg15@archive.org,323-31-2387
Lorelei,Doggart,ldoggart16@unicef.org,669-98-7381
Lovell,Lomas,llomas17@youtube.com,889-93-8666
Artus,Clere,aclere18@google.cn,882-24-8463
Israel,Fisher,ifisher19@paginegialle.it,413-56-4345
Darren,Mathes,dmathes1a@pbs.org,793-83-5842
Clea,Causby,ccausby1b@ucsd.edu,811-41-5934
Crin,Kigelman,ckigelman1c@google.es,769-53-4784
Coleen,Manuello,cmanuello1d@adobe.com,530-46-8425
Fara,Mann,fmann1e@wunderground.com,263-53-5218
Lacie,Litton,llitton1f@w3.org,324-43-3136
Florrie,Tapson,ftapson1g@google.es,264-90-8526
Bernete,Rossi,brossi1h@umich.edu,207-44-1196
Tab,Moverley,tmoverley1i@mlb.com,611-76-2510
Emili,Swadling,eswadling1j@ed.gov,713-44-9594
Janek,De la Eglise,jdelaeglise1k@imageshack.us,706-17-1414
Gizela,MacNeil,gmacneil1l@prnewswire.com,620-85-9155
Franklin,Rathe,frathe1m@vkontakte.ru,160-04-2685
Trude,Tolemache,ttolemache1n@cocolog-nifty.com,888-12-5114
Buddy,Botte,bbotte1o@java.com,807-49-9708
Norri,Jumel,njumel1p@dell.com,343-63-8458
Gui,Balharrie,gbalharrie1q@freewebs.com,530-64-4961
Del,Norcop,dnorcop1r@yellowbook.com,769-55-7291
Charissa,Ricardou,cricardou1s@nps.gov,799-99-6290
Dorelia,Lippatt,dlippatt1t@istockphoto.com,723-83-1476
Valina,Arni,varni1u@ebay.com,194-84-7273
Magdalen,Whinney,mwhinney1v@e-recht24.de,662-70-2231
Blondell,Keasley,bkeasley1w@cbc.ca,106-48-6925
Nikolaos,Teall,nteall1x@surveymonkey.com,825-80-4260
Leese,Scopyn,lscopyn1y@ezinearticles.com,448-95-9436
Laura,D'Almeida,ldalmeida1z@purevolume.com,108-25-8038
Sebastian,Seers,sseers20@networksolutions.com,613-12-9400
Veriee,Brogden,vbrogden21@wikispaces.com,592-53-7512
Claretta,Mayow,cmayow22@1688.com,440-08-2369
Janetta,Ewdale,jewdale23@imageshack.us,357-96-5844
Husein,Pantecost,hpantecost24@123-reg.co.uk,652-80-5394
Bram,Skettles,bskettles25@java.com,627-46-1171
Berni,Lempel,blempel26@bloomberg.com,865-64-3293
Cherri,Dyshart,cdyshart27@theguardian.com,490-05-1742
Berkly,Standring,bstandring28@google.com,702-37-2177
Ennis,Giddins,egiddins29@naver.com,380-70-6220
Charity,Bes,cbes2a@ca.gov,848-01-8056
Maisey,Towns,mtowns2b@taobao.com,195-95-9035
Herold,Goodie,hgoodie2c@baidu.com,368-34-6725
Lyn,Garter,lgarter2d@g.co,408-83-7635
Hedi,McInnes,hmcinnes2e@ustream.tv,134-39-7739
Junette,Tolwood,jtolwood2f@printfriendly.com,589-83-9345
Starlene,Eager,seager2g@marketwatch.com,886-23-1396
Filippo,Cardnell,fcardnell2h@tiny.cc,540-95-8689
Corette,Knighton,cknighton2i@nhs.uk,860-24-7771
Emmanuel,Wyman,ewyman2j@google.nl,394-77-7037
Itch,Sandells,isandells2k@pbs.org,170-72-0958
Gwendolen,Tooby,gtooby2l@typepad.com,366-46-3365
Samara,Rickersy,srickersy2m@soundcloud.com,215-47-7074
Fitzgerald,Vizard,fvizard2n@flickr.com,650-56-9918
Frederigo,Durran,fdurran2o@networksolutions.com,846-76-9985
Annemarie,Grimsditch,agrimsditch2p@uol.com.br,718-62-8323
Duane,Izon,dizon2q@php.net,505-71-9327
Clayton,Bredbury,cbredbury2r@china.com.cn,720-63-0955
Wilhelmine,Spivie,wspivie2s@dyndns.org,814-92-7769
Winnah,Hollerin,whollerin2t@deviantart.com,298-10-1764
Hilton,Haire,hhaire2u@wikia.com,463-93-1455
Laurella,Dench,ldench2v@multiply.com,587-51-4839
Tadio,Spooner,tspooner2w@techcrunch.com,658-21-2287
Nickolas,Greenstreet,ngreenstreet2x@nbcnews.com,409-46-7482
Morty,Stovold,mstovold2y@engadget.com,504-21-0054
Dale,Eloy,deloy2z@ihg.com,364-45-0072
Natalina,Gilham,ngilham30@google.com.br,642-04-6677
Lionello,Pettifer,lpettifer31@a8.net,121-57-4839
Hephzibah,Parkyns,hparkyns32@sciencedirect.com,447-54-7507
Margi,Hayhow,mhayhow33@chicagotribune.com,746-19-7465
Gregoor,Dresche,gdresche34@blinklist.com,581-37-7696
Willard,Mitchel,wmitchel35@fc2.com,622-02-1340
Loree,Orcas,lorcas36@ehow.com,540-34-8173
Doretta,Sammonds,dsammonds37@booking.com,448-85-3461
Idalina,Iacobassi,iiacobassi38@trellian.com,262-51-8274
Guido,Midlar,gmidlar39@epa.gov,772-72-1667
Berke,Krink,bkrink3a@fda.gov,687-45-8947
Tanner,Geoghegan,tgeoghegan3b@fastcompany.com,230-51-4017
Scotti,Membry,smembry3c@springer.com,243-15-9780
Antonin,Mountfort,amountfort3d@ihg.com,630-19-1460
Tammi,Suffield,tsuffield3e@mac.com,473-11-2392
Avery,Kerrich,akerrich3f@list-manage.com,398-08-2035
Mildred,Tomlin,mtomlin3g@ycombinator.com,140-78-6921
Rodina,Lundbeck,rlundbeck3h@a8.net,390-62-5228
Ann,Molyneux,amolyneux3i@dedecms.com,898-98-8299
Wally,Atheis,watheis3j@biglobe.ne.jp,408-29-3022
Langston,Stormouth,lstormouth3k@geocities.jp,263-72-5919
Erik,Derle,ederle3l@google.com.au,401-72-4612
Jeri,Pagin,jpagin3m@ifeng.com,321-71-0967
Willem,Riteley,writeley3n@feedburner.com,353-43-1729
Maureen,Huchot,mhuchot3o@flickr.com,219-64-0298
Alphonso,O'Shea,aoshea3p@shop-pro.jp,449-69-0623
Benn,Smalecombe,bsmalecombe3q@exblog.jp,535-13-9886
Estrellita,Gamble,egamble3r@google.nl,295-72-4614
Debbie,Benedict,dbenedict3s@tmall.com,354-84-3710
Tiff,Schops,tschops3t@omniture.com,197-37-7708
Filberte,Hargie,fhargie3u@weibo.com,395-18-0642
Jase,Durrett,jdurrett3v@chron.com,733-99-8006
Carlin,Charley,ccharley3w@a8.net,410-26-0150
Cherice,Lycett,clycett3x@jiathis.com,741-64-2577
Lisetta,Limming,llimming3y@ucsd.edu,479-42-6964
Charita,Ruben,cruben3z@yelp.com,273-12-1717
Candis,Tomashov,ctomashov40@bloglovin.com,682-81-2256
Joellyn,Wolfenden,jwolfenden41@disqus.com,175-63-5996
Carr,Konzel,ckonzel42@desdev.cn,273-22-6877
Den,Canto,dcanto43@fotki.com,154-95-9030
Teodor,Buffin,tbuffin44@ucsd.edu,601-08-2761
Bennie,Reddyhoff,breddyhoff45@geocities.com,682-30-0767
Mel,Geering,mgeering46@about.me,268-45-4540
Hilarius,Notman,hnotman47@usnews.com,403-07-1007
Renaud,Targetter,rtargetter48@icio.us,832-01-5661
Ariana,Videler,avideler49@moonfruit.com,133-31-5785
Harv,Whipple,hwhipple4a@bloglines.com,199-71-0277
Sheelah,Kirlin,skirlin4b@moonfruit.com,629-18-4959
Donella,Lohrensen,dlohrensen4c@cocolog-nifty.com,162-57-5846
Page,Willimott,pwillimott4d@webs.com,123-23-7382
Marisa,Ferreiro,mferreiro4e@kickstarter.com,308-96-4222
Lidia,Philipp,lphilipp4f@sbwire.com,190-58-3475
Dominick,Crossan,dcrossan4g@google.nl,508-93-4772
Debi,Cumberland,dcumberland4h@studiopress.com,244-89-3467
Mayne,Verny,mverny4i@prlog.org,583-55-2705
Morgen,Dullingham,mdullingham4j@last.fm,319-87-7119
Dolph,Impleton,dimpleton4k@dmoz.org,562-43-6777
Jeno,Garmons,jgarmons4l@ibm.com,264-75-9919
Antin,Rojel,arojel4m@ihg.com,668-50-9280
Cameron,Petrolli,cpetrolli4n@cnet.com,794-42-5769
Emerson,Frogley,efrogley4o@hubpages.com,615-18-4419
Shayne,Yablsley,syablsley4p@desdev.cn,826-63-7964
Gerek,Renshell,grenshell4q@walmart.com,750-44-7315
Miguela,Ramas,mramas4r@apple.com,736-40-3081
Kimmie,Burberye,kburberye4s@cbsnews.com,810-89-9197
Jase,Stannah,jstannah4t@walmart.com,807-11-5995
Babs,Dobbings,bdobbings4u@mapquest.com,684-17-2692
Bobinette,Genthner,bgenthner4v@imageshack.us,646-57-6917
Timmie,Peare,tpeare4w@nba.com,469-53-5265
Fidel,Pays,fpays4x@prnewswire.com,741-45-8079
Arvy,Pharrow,apharrow4y@mysql.com,255-60-7330
Allegra,Cornfield,acornfield4z@nationalgeographic.com,300-42-8609
Gusti,McChesney,gmcchesney50@indiegogo.com,510-24-4746
Neddy,Banger,nbanger51@about.me,302-63-2404
Falito,Linder,flinder52@zimbio.com,176-14-2340
Hugibert,Eisikowitz,heisikowitz53@census.gov,860-56-8433
Thia,Ladewig,tladewig54@ovh.net,744-23-7950
Randall,Boak,rboak55@foxnews.com,228-33-5255
Beale,Monelle,bmonelle56@ask.com,279-41-2847
Jordain,Roxburch,jroxburch57@gov.uk,755-53-2838
Tamma,Dorking,tdorking58@last.fm,602-99-5854
Gaston,McAlees,gmcalees59@auda.org.au,253-41-7812
Cecilio,Clethro,cclethro5a@hp.com,358-95-8620
Brock,Kroger,bkroger5b@domainmarket.com,862-57-3202
Gib,Sutch,gsutch5c@sina.com.cn,801-47-6706
Sibeal,Acock,sacock5d@odnoklassniki.ru,401-22-4161
Raul,Simoncello,rsimoncello5e@bizjournals.com,875-22-8781
Davis,Muckleston,dmuckleston5f@addtoany.com,136-23-4091
Johan,Slocumb,jslocumb5g@ning.com,563-01-0384
Kiah,Yellowlea,kyellowlea5h@baidu.com,440-90-0152
Pierette,Eppson,peppson5i@icq.com,750-84-1342
Junette,Brislen,jbrislen5j@smugmug.com,369-70-7500
Kirsteni,Pearn,kpearn5k@hibu.com,579-65-7921
Danette,Cowgill,dcowgill5l@nasa.gov,418-30-8695
Elysha,Stribbling,estribbling5m@jimdo.com,577-02-3034
Lucy,Flowerdew,lflowerdew5n@mozilla.org,454-92-7703
Ellissa,Kupec,ekupec5o@blogtalkradio.com,539-14-6915
Simonne,Trice,strice5p@samsung.com,363-92-6101
Huntington,Louche,hlouche5q@mozilla.com,148-26-9724
Luciana,Lockyear,llockyear5r@alibaba.com,885-15-7339
Jimmy,Camocke,jcamocke5s@seattletimes.com,639-14-5426
Philip,Ladbury,pladbury5t@constantcontact.com,158-29-3515
Tiertza,Chidwick,tchidwick5u@gnu.org,107-70-4241
Pattie,Handman,phandman5v@scientificamerican.com,230-89-9245
Vonny,Gillivrie,vgillivrie5w@telegraph.co.uk,386-39-7326
Sissy,Gourlie,sgourlie5x@squidoo.com,449-37-9762
Harlin,Lowensohn,hlowensohn5y@pagesperso-orange.fr,719-40-9445
Alvan,Crankhorn,acrankhorn5z@house.gov,277-97-4402
Allegra,de Courcey,adecourcey60@stanford.edu,439-66-8063
Kimberley,Beaten,kbeaten61@parallels.com,195-16-0522
Sydney,Prazor,sprazor62@amazon.co.jp,805-45-0349
Shepard,Woodman,swoodman63@yelp.com,410-24-2723
Charlean,Eat,ceat64@slate.com,392-67-7459
Derward,Pellant,dpellant65@engadget.com,669-54-8962
Willow,Bodimeade,wbodimeade66@wikipedia.org,612-67-6812
Sonja,Desesquelle,sdesesquelle67@youtu.be,212-51-8724
Kirbee,Smallridge,ksmallridge68@free.fr,684-64-2211
Cecilia,Plowright,cplowright69@google.com.hk,787-43-0005
Osbert,Skeel,oskeel6a@mlb.com,892-92-4942
Drake,Towl,dtowl6b@biglobe.ne.jp,703-89-5252
Bennie,Urridge,burridge6c@ebay.com,523-93-5885
Virgilio,Orrocks,vorrocks6d@foxnews.com,320-02-8657
Frederik,Ivett,fivett6e@geocities.jp,351-26-1005
Astrix,Caplin,acaplin6f@arstechnica.com,171-69-0466
Vivyanne,Jimes,vjimes6g@washingtonpost.com,466-49-6603
Chilton,Grewe,cgrewe6h@phpbb.com,722-17-8964
Tandie,Slateford,tslateford6i@yale.edu,445-96-1581
Dona,Janda,djanda6j@stanford.edu,895-20-5983
Carolina,Madeley,cmadeley6k@newyorker.com,577-33-6205
Alleyn,Stowers,astowers6l@tamu.edu,614-53-2042
Elita,Prate,eprate6m@cnn.com,570-58-7988
Marti,Burges,mburges6n@seesaa.net,104-30-8570
Allie,Pottage,apottage6o@chronoengine.com,569-68-7532
Brent,Westbrook,bwestbrook6p@wiley.com,804-31-5971
Stewart,Seakings,sseakings6q@photobucket.com,412-45-2114
Allix,Sherrum,asherrum6r@elpais.com,674-14-0602
Betsey,Astupenas,bastupenas6s@miitbeian.gov.cn,164-82-3225
Washington,Smuth,wsmuth6t@shutterfly.com,776-73-0844
Wheeler,Darnell,wdarnell6u@npr.org,661-96-4570
Cort,O' Hogan,cohogan6v@skype.com,839-56-3029
Reena,Gerding,rgerding6w@slashdot.org,522-46-6767
Elianora,Cholton,echolton6x@miitbeian.gov.cn,566-29-0520
Roshelle,Venditto,rvenditto6y@ycombinator.com,134-29-5349
Lexi,Treacy,ltreacy6z@slideshare.net,605-29-4826
Monti,Roycroft,mroycroft70@wunderground.com,324-92-3234
Jayme,Nielson,jnielson71@ow.ly,868-63-5593
Vanya,Moyce,vmoyce72@google.de,405-28-9363
Cherida,Gallagher,cgallagher73@ustream.tv,655-07-0838
Chrysa,Olerenshaw,colerenshaw74@gnu.org,250-58-0408
Dud,Guillet,dguillet75@hostgator.com,862-58-5312
Shadow,Mordacai,smordacai76@walmart.com,736-09-9184
Christoforo,Kubis,ckubis77@sfgate.com,678-96-0379
Darill,Glasard,dglasard78@fastcompany.com,206-95-7095
Simona,Mynett,smynett79@slashdot.org,323-67-2641
Billie,Le Surf,blesurf7a@moonfruit.com,696-75-1511
Irwin,Water,iwater7b@infoseek.co.jp,538-16-8910
Akim,Tettley,atettley7c@cnbc.com,212-43-9948
Lamond,Quarrie,lquarrie7d@rediff.com,278-23-2641
Pieter,Tomlinson,ptomlinson7e@cafepress.com,645-78-3520
Reinald,Gascoyne,rgascoyne7f@discuz.net,597-47-1555
Fairlie,Sisselot,fsisselot7g@ted.com,712-39-6316
Caryn,Steger,csteger7h@ebay.com,708-87-4097
Tremayne,Lince,tlince7i@a8.net,398-47-2156
Doe,Itchingham,ditchingham7j@taobao.com,662-70-5639
Ogdon,Edwicke,oedwicke7k@github.com,424-55-5120
Levon,Ruffli,lruffli7l@twitpic.com,369-17-9009
Jarrod,Olkowicz,jolkowicz7m@github.com,443-60-6785
Robby,Sandilands,rsandilands7n@mapy.cz,789-38-3930
Raychel,Tudor,rtudor7o@yahoo.com,608-07-2004
Timothy,Glamart,tglamart7p@vistaprint.com,160-17-2756
Hollis,Heitz,hheitz7q@hud.gov,403-71-3214
Farah,Bodley,fbodley7r@ihg.com,109-51-3577
Linzy,Timlin,ltimlin7s@senate.gov,296-57-7557
Loria,De Bell,ldebell7t@google.ca,248-87-2520
Murielle,Armal,marmal7u@wunderground.com,111-36-5136
Deane,Pickhaver,dpickhaver7v@icq.com,617-29-1081
Nikki,Donneely,ndonneely7w@va.gov,896-06-3643
Elias,Phythien,ephythien7x@biglobe.ne.jp,802-25-8863
Harmonie,Melley,hmelley7y@baidu.com,464-16-6988
Hal,Crut,hcrut7z@livejournal.com,273-92-6356
Thea,Rudland,trudland80@technorati.com,356-87-4954
Jillian,Scolland,jscolland81@sciencedirect.com,233-02-2728
Candida,Carrick,ccarrick82@github.com,289-39-4502
Gilbertine,Showalter,gshowalter83@bbb.org,511-26-9118
Ambrosius,Frantzen,afrantzen84@constantcontact.com,228-21-2279
Ira,MacTrustam,imactrustam85@samsung.com,388-65-3220
Erroll,Turrill,eturrill86@cdbaby.com,378-71-4193
Jonell,Banister,jbanister87@geocities.jp,638-30-8952
Hadria,Dey,hdey88@archive.org,490-30-1094
Atlanta,Defrain,adefrain89@stanford.edu,229-21-2435
Vickie,Corey,vcorey8a@youtube.com,623-63-4220
Alonzo,Norkett,anorkett8b@ucoz.ru,689-72-4496
Mohandis,Nye,mnye8c@multiply.com,373-46-7167
Quentin,Anscombe,qanscombe8d@i2i.jp,300-14-0699
Jaymee,Velasquez,jvelasquez8e@slate.com,155-80-0465
Valera,Lindroos,vlindroos8f@msn.com,139-03-7866
Brandais,Jess,bjess8g@latimes.com,872-50-6150
Trumaine,Raitie,traitie8h@sun.com,249-52-2985
Kaspar,McBrearty,kmcbrearty8i@networksolutions.com,606-11-1810
Gabbi,Jacox,gjacox8j@rambler.ru,308-77-4528
Orlando,Demer,odemer8k@discovery.com,831-52-1512
Barr,Keaveny,bkeaveny8l@loc.gov,385-28-9527
Aindrea,Bayley,abayley8m@netvibes.com,628-70-4313
Nealon,Tod,ntod8n@dmoz.org,442-93-3874
Cecelia,Fessions,cfessions8o@eepurl.com,500-04-2352
Noelani,Attwood,nattwood8p@bing.com,633-49-0205
Guthry,Cowern,gcowern8q@usa.gov,623-19-9627
Florette,Guilliland,fguilliland8r@mozilla.com,371-62-3432
Quill,Bretherick,qbretherick8s@epa.gov,547-65-3488
Frank,Roberds,froberds8t@skyrock.com,243-68-5016
Jordain,Govett,jgovett8u@dmoz.org,283-32-5108
Faina,Benford,fbenford8v@fema.gov,723-95-4527
Deerdre,Altamirano,daltamirano8w@dropbox.com,260-46-7599
Babbette,Osboldstone,bosboldstone8x@goo.gl,719-94-3355
Burlie,Vasser,bvasser8y@usda.gov,419-38-6531
Murry,Payle,mpayle8z@china.com.cn,658-92-9263
Alano,Ions,aions90@businessweek.com,199-39-5850
Ophelie,Hatcliffe,ohatcliffe91@cmu.edu,670-57-8136
Fredia,Curteis,fcurteis92@psu.edu,129-40-0918
Bunny,Sterre,bsterre93@examiner.com,200-48-4910
Moyna,Bohling,mbohling94@abc.net.au,441-71-6757
Penn,Saye,psaye95@yolasite.com,250-74-4172
Belvia,Malster,bmalster96@nbcnews.com,316-36-6770
Eleen,Edser,eedser97@smugmug.com,741-40-9623
Ruddy,Rawood,rrawood98@issuu.com,475-12-9266
Brigitta,Klink,bklink99@ustream.tv,718-91-7715
Maybelle,Treuge,mtreuge9a@domainmarket.com,343-69-2950
Dag,Jent,djent9b@acquirethisname.com,558-39-8718
Mortimer,Lammerts,mlammerts9c@posterous.com,771-12-2893
Zenia,Callington,zcallington9d@homestead.com,171-17-2029
Savina,Goulston,sgoulston9e@deliciousdays.com,512-19-8022
Melita,Hulmes,mhulmes9f@tripadvisor.com,874-77-0042
Pren,Du Hamel,pduhamel9g@quantcast.com,711-87-3255
Wilbur,Hellis,whellis9h@de.vu,593-47-7056
Hurley,Gudd,hgudd9i@redcross.org,632-76-8761
Kitty,Wensley,kwensley9j@independent.co.uk,811-21-6167
Jazmin,Clemmens,jclemmens9k@xrea.com,580-46-6352
Sawyer,Duchesne,sduchesne9l@uol.com.br,616-37-6776
Raina,Grieveson,rgrieveson9m@slate.com,200-39-4904
Maurice,Schottli,mschottli9n@ucla.edu,549-03-7455
Carie,Dominetti,cdominetti9o@qq.com,707-65-7552
Caritta,Borrow,cborrow9p@ted.com,168-04-5937
Wendell,Adamsky,wadamsky9q@smugmug.com,621-97-8755
Faun,Bale,fbale9r@dot.gov,236-38-5745
Martica,Martland,mmartland9s@nsw.gov.au,285-15-8845
Nessa,Wolffers,nwolffers9t@list-manage.com,283-77-1630
Nadiya,Chittock,nchittock9u@histats.com,851-42-9728
Dotti,Addie,daddie9v@infoseek.co.jp,493-17-9880
Delbert,Baltrushaitis,dbaltrushaitis9w@soup.io,390-51-0880
Xerxes,Jest,xjest9x@dyndns.org,350-27-0675
Lane,Crummay,lcrummay9y@apache.org,811-60-1593
Onfroi,Dannett,odannett9z@istockphoto.com,247-60-5610
Kennett,James,kjamesa0@yandex.ru,595-31-8440
Patrica,Hullins,phullinsa1@theguardian.com,631-67-3903
Claudio,Birnie,cbirniea2@army.mil,102-44-5063
Brendis,Dealey,bdealeya3@amazon.de,361-36-5684
Hieronymus,Dubble,hdubblea4@usatoday.com,327-76-0179
Fleurette,Taylot,ftaylota5@ft.com,856-79-0071
Gunner,O'Hallihane,gohallihanea6@phpbb.com,259-64-6167
Constanta,Beamand,cbeamanda7@umich.edu,360-52-4086
Ravid,Bethel,rbethela8@scientificamerican.com,224-21-1911
Parry,Pohling,ppohlinga9@toplist.cz,816-26-7639
Jose,Choppen,jchoppenaa@wordpress.com,538-11-3869
Kippy,Gwillyam,kgwillyamab@google.es,487-89-3922
Dean,Sinnocke,dsinnockeac@youku.com,247-70-7261
Gunther,Lempel,glempelad@shop-pro.jp,677-46-1746
Kip,Fearenside,kfearensideae@reuters.com,459-82-2898
Konstantine,McKellen,kmckellenaf@latimes.com,778-01-6567
Jenda,Proske,jproskeag@usa.gov,304-55-0694
Alaric,Tireman,atiremanah@wikispaces.com,818-07-2795
Clemmy,Lansley,clansleyai@flavors.me,476-44-8755
Ryley,Kretchmer,rkretchmeraj@taobao.com,426-71-4076
Kerrie,Iacovino,kiacovinoak@washingtonpost.com,480-62-4468
Leticia,Lynnitt,llynnittal@ucoz.com,705-41-2672
Corrina,Kenward,ckenwardam@prnewswire.com,645-62-5635
Leo,Warrack,lwarrackan@deviantart.com,408-81-4079
Natalee,Heart,nheartao@ucla.edu,793-96-6926
Rodina,Lodwig,rlodwigap@cam.ac.uk,258-86-7114
Mira,Liebmann,mliebmannaq@about.me,751-09-4986
Hagan,Hotchkin,hhotchkinar@deviantart.com,164-67-8114
Ezechiel,Gillebert,egillebertas@facebook.com,438-65-5425
Tomi,Bellie,tbellieat@prlog.org,306-61-1333
Humfrey,Budget,hbudgetau@de.vu,436-97-8898
Stacey,McMarquis,smcmarquisav@multiply.com,836-91-9210
Bessie,Duffer,bdufferaw@discuz.net,263-09-5522
Vladimir,Allbrook,vallbrookax@ucoz.com,289-65-8411
Irv,Pugsley,ipugsleyay@vimeo.com,532-46-8311
Tabitha,Iczokvitz,ticzokvitzaz@addthis.com,339-99-3935
Uriel,Toogood,utoogoodb0@geocities.jp,809-59-5560
Gaile,Alldre,galldreb1@theglobeandmail.com,553-90-9536
Bianka,Mudge,bmudgeb2@earthlink.net,745-44-1644
Modesty,Acomb,macombb3@deliciousdays.com,203-80-4981
Effie,Saltmarsh,esaltmarshb4@e-recht24.de,454-91-8946
Tobe,Ackers,tackersb5@npr.org,288-26-1809
Dukie,Patsall,dpatsallb6@addtoany.com,358-12-2650
Lorenzo,Zold,lzoldb7@deviantart.com,344-61-3862
Ashly,Girardey,agirardeyb8@free.fr,814-99-3073
Sydney,Krzyzowski,skrzyzowskib9@eventbrite.com,305-48-8517
Deeann,Bartosek,dbartosekba@uiuc.edu,121-85-2353
Flor,Oulner,foulnerbb@tripod.com,393-63-7450
Tymon,Whipple,twhipplebc@cdc.gov,281-62-7843
Fernandina,Melhuish,fmelhuishbd@umich.edu,404-35-0580
Ryann,Mityashin,rmityashinbe@1und1.de,240-73-4981
Johnny,Watkiss,jwatkissbf@printfriendly.com,695-23-8617
Sherri,Downgate,sdowngatebg@about.com,306-37-7729
Nicki,Staddart,nstaddartbh@cnet.com,409-46-8712
Misha,Gorey,mgoreybi@cbslocal.com,542-69-4016
Warren,Girk,wgirkbj@usa.gov,262-06-5987
Halimeda,Juanes,hjuanesbk@jugem.jp,147-63-7604
Pet,Haymes,phaymesbl@ca.gov,241-73-0040
Jaimie,Koubu,jkoububm@omniture.com,220-96-4893
Bili,Calterone,bcalteronebn@cpanel.net,141-90-7289
Cybill,Ingrey,cingreybo@japanpost.jp,874-75-5442
Gipsy,Kitchinghan,gkitchinghanbp@t-online.de,264-64-2396
Ermin,Shorey,eshoreybq@google.es,874-70-9947
Major,Jenoure,mjenourebr@cdc.gov,433-06-0556
Odell,Luxton,oluxtonbs@ox.ac.uk,180-56-6181
Constancia,Coffey,ccoffeybt@nifty.com,874-68-1970
Mart,Felix,mfelixbu@creativecommons.org,756-49-2410
Evangeline,Aberdein,eaberdeinbv@wisc.edu,691-08-9569
Robinet,Beebee,rbeebeebw@is.gd,809-69-6872
Golda,Newby,gnewbybx@hostgator.com,479-44-0841
Miran,Gleed,mgleedby@unblog.fr,646-68-8950
Teddie,Keedy,tkeedybz@mozilla.org,157-17-9083
Clarinda,Donnan,cdonnanc0@prlog.org,806-28-0405
Gertrudis,Dalby,gdalbyc1@examiner.com,145-41-1515
Charmaine,Spon,csponc2@g.co,552-23-9237
Natassia,Scothron,nscothronc3@qq.com,163-02-6155
Cristobal,Howlin,chowlinc4@harvard.edu,482-34-1825
Lita,Chavey,lchaveyc5@newsvine.com,672-23-7704
Elroy,Jardein,ejardeinc6@tmall.com,209-52-3538
Othella,McKomb,omckombc7@etsy.com,343-36-2203
Oralla,Kits,okitsc8@springer.com,129-26-5731
Peirce,Shortt,pshorttc9@earthlink.net,371-06-9642
Hilliard,Hudless,hhudlessca@reference.com,257-08-2058
Ashlan,Orkney,aorkneycb@shop-pro.jp,803-75-1705
Emily,Noden,enodencc@telegraph.co.uk,537-83-8388
Stephenie,O'Halligan,sohalligancd@hexun.com,788-87-1401
Paco,Vousden,pvousdence@uol.com.br,628-99-7319
Germaine,Moline,gmolinecf@blinklist.com,207-49-9186
Alwin,Ummfrey,aummfreycg@go.com,253-67-0523
Josefa,Josuweit,jjosuweitch@gravatar.com,710-31-5722
Anjela,Loney,aloneyci@chron.com,787-56-0220
Ariel,Lydiard,alydiardcj@indiegogo.com,638-08-1472
Vladamir,Notman,vnotmanck@hexun.com,604-97-4595
Jean,Demelt,jdemeltcl@dedecms.com,361-99-2088
Abner,Litterick,alitterickcm@amazonaws.com,421-02-3678
Waite,Antham,wanthamcn@nhs.uk,334-70-8567
Jonah,Stinchcombe,jstinchcombeco@live.com,438-62-0127
Zitella,McIlheran,zmcilherancp@mlb.com,317-99-9083
Aimee,Todhunter,atodhuntercq@gmpg.org,250-86-1810
Marisa,Edens,medenscr@mit.edu,102-78-9200
Norina,Tremethack,ntremethackcs@list-manage.com,259-09-5931
Rosene,McCadden,rmccaddenct@tuttocitta.it,885-17-2504
Deni,O'Cridigan,docridigancu@miibeian.gov.cn,479-40-0584
Rodney,Callear,rcallearcv@amazon.de,483-63-0338
Hall,Mullin,hmullincw@boston.com,270-89-8680
Lorraine,Avory,lavorycx@facebook.com,775-17-1427
Cassi,Jewett,cjewettcy@forbes.com,101-73-6300
Astra,Boffin,aboffincz@webnode.com,305-96-9211
Fredelia,Madeley,fmadeleyd0@cocolog-nifty.com,621-97-1071
Simmonds,Shewsmith,sshewsmithd1@pagesperso-orange.fr,162-73-2597
Clementia,Van Niekerk,cvanniekerkd2@1und1.de,375-08-7450
Milissent,Sadler,msadlerd3@amazon.de,715-98-7579
Josi,Sycamore,jsycamored4@ftc.gov,420-75-5140
Sondra,Gannicleff,sgannicleffd5@wordpress.org,360-09-0170
Eric,McGeaney,emcgeaneyd6@howstuffworks.com,487-25-4161
Sammy,Elcoat,selcoatd7@sciencedaily.com,609-52-1214
Even,Quare,equared8@i2i.jp,637-46-2942
Tedra,MacTrustrie,tmactrustried9@deliciousdays.com,268-20-2916
Maximilien,Keatch,mkeatchda@dion.ne.jp,142-84-9007
Shannen,Papachristophorou,spapachristophoroudb@lulu.com,100-70-8422
Cirillo,Verdun,cverdundc@lycos.com,793-62-3148
Charleen,Barradell,cbarradelldd@springer.com,889-87-9398
Carlota,Helder,chelderde@yandex.ru,474-76-4070
Cosme,Yukhnini,cyukhninidf@free.fr,529-59-0004
Brice,Kirke,bkirkedg@uiuc.edu,327-76-6564
Etta,Moulster,emoulsterdh@cpanel.net,120-30-0226
King,Igglesden,kigglesdendi@cnn.com,404-23-3042
Leontine,Burriss,lburrissdj@de.vu,535-16-3409
Don,Baggally,dbaggallydk@economist.com,535-33-6557
Annabel,Druett,adruettdl@unesco.org,747-39-8753
Nedi,Simnell,nsimnelldm@washingtonpost.com,483-80-9474
Courtnay,Gotcliffe,cgotcliffedn@bloglovin.com,127-50-2802
Alix,Tomson,atomsondo@hatena.ne.jp,783-07-7419
Jermaine,Breinl,jbreinldp@jugem.jp,775-19-6820
Alaster,Lansdale,alansdaledq@google.nl,358-54-8490
Elna,Meaker,emeakerdr@ehow.com,388-83-3516
Melina,Ghiroldi,mghiroldids@pbs.org,393-23-6285
Farra,Clara,fclaradt@businessweek.com,746-03-9658
Cosimo,Sobieski,csobieskidu@plala.or.jp,645-46-0317
Hussein,Canny,hcannydv@cbsnews.com,204-59-2457
Carmina,Larkkem,clarkkemdw@columbia.edu,361-51-2353
Adriane,Haily,ahailydx@dagondesign.com,160-71-2717
Lynelle,Antonioni,lantonionidy@newsvine.com,586-16-2716
Carly,Redier,credierdz@angelfire.com,574-65-9745
Cyb,Karpets,ckarpetse0@w3.org,155-08-1376
Bruce,Irlam,birlame1@trellian.com,813-34-3554
Elsworth,de Wilde,edewildee2@clickbank.net,256-61-9281
Aubine,MacMearty,amacmeartye3@booking.com,626-76-4131
Lannie,Skill,lskille4@geocities.jp,660-63-0632
Antonetta,Westbrook,awestbrooke5@ifeng.com,267-80-4995
Bernie,Whapple,bwhapplee6@comsenz.com,107-43-5117
Ruthann,Blaby,rblabye7@un.org,829-94-7552
Derril,Guiness,dguinesse8@hostgator.com,459-77-9307
Yetty,Game,ygamee9@sohu.com,659-02-1492
Kiley,Munehay,kmunehayea@amazon.com,697-55-5268
Fee,Sprigging,fspriggingeb@comsenz.com,464-59-9926
Katherine,Cammomile,kcammomileec@craigslist.org,860-71-2944
Conrado,Martinelli,cmartinellied@photobucket.com,450-89-1055
Peyter,Hadrill,phadrillee@a8.net,706-66-2454
Philis,MacGrath,pmacgrathef@nature.com,291-12-4785
Milena,Keneforde,mkenefordeeg@barnesandnoble.com,652-65-1948
Papageno,Bean,pbeaneh@alibaba.com,105-19-8032
Wilow,Paolone,wpaoloneei@nifty.com,697-30-7231
Vasili,Nicholas,vnicholasej@shop-pro.jp,599-63-4250
Giorgi,Nutt,gnuttek@samsung.com,191-70-4026
Blair,Pfaffe,bpfaffeel@marketwatch.com,893-40-7924
Shirlee,Rubertis,srubertisem@friendfeed.com,427-03-4192
Phelia,Kenwood,pkenwooden@sciencedirect.com,729-49-5452
Gennie,Sinkins,gsinkinseo@paypal.com,876-52-2707
Katya,Akram,kakramep@admin.ch,638-96-6317
Loree,Pawlowicz,lpawlowiczeq@icq.com,837-41-8448
Fannie,Dewes,fdeweser@cloudflare.com,670-59-1029
Leandra,Watsam,lwatsames@globo.com,729-59-0713
Packston,Kilner,pkilneret@usnews.com,753-62-6459
Giffer,Koubek,gkoubekeu@vkontakte.ru,167-45-1800
Olympe,Sedwick,osedwickev@wisc.edu,586-01-0656
Jedediah,McCool,jmccoolew@delicious.com,289-79-2915
Dido,MacQuist,dmacquistex@live.com,810-85-1596
Fifine,Kenforth,fkenforthey@cnn.com,565-11-1078
Eustacia,Aireton,eairetonez@ning.com,837-89-4107
Dalli,Venour,dvenourf0@booking.com,582-01-2575
Natty,Le Galle,nlegallef1@storify.com,488-48-4618
Lainey,Warby,lwarbyf2@issuu.com,765-99-0553
Gail,Alwin,galwinf3@nsw.gov.au,206-84-9677
Jerry,Salliere,jsallieref4@comcast.net,329-48-3091
Maudie,Longstaff,mlongstafff5@nsw.gov.au,765-84-9472
Ollie,Pinnijar,opinnijarf6@unblog.fr,319-50-1990
Shepperd,Loan,sloanf7@twitpic.com,703-85-5591
Guy,Lemmanbie,glemmanbief8@ovh.net,571-61-0909
Morrie,Haddy,mhaddyf9@about.me,187-94-7974
Ava,Pond-Jones,apondjonesfa@meetup.com,730-61-8693
Enos,McCandie,emccandiefb@reddit.com,750-82-8804
Candy,Raoult,craoultfc@mit.edu,149-22-5962
Stuart,Correa,scorreafd@wired.com,573-07-4092
Kial,Curnock,kcurnockfe@shutterfly.com,823-19-1213
Perry,Gater,pgaterff@unblog.fr,436-45-4457
Tamara,Lovett,tlovettfg@bigcartel.com,569-10-9146
Sauveur,Nolan,snolanfh@independent.co.uk,886-26-0136
Shae,Jenkyn,sjenkynfi@dropbox.com,515-41-9370
Alvera,Jagg,ajaggfj@utexas.edu,126-32-5745
Con,Beharrell,cbeharrellfk@youku.com,803-77-6626
Marv,Duberry,mduberryfl@nifty.com,157-40-6290
Camille,Mackerel,cmackerelfm@4shared.com,690-32-8168
Willetta,Worling,wworlingfn@microsoft.com,578-27-7641
Wenonah,Taggart,wtaggartfo@shinystat.com,762-93-3917
Anabelle,Marquand,amarquandfp@telegraph.co.uk,894-28-5310
Marget,Cliss,mclissfq@cocolog-nifty.com,411-65-0211
Howey,Misselbrook,hmisselbrookfr@cpanel.net,434-96-8823
Lora,De Blasio,ldeblasiofs@phoca.cz,845-13-0128
Nathalia,Jeanel,njeanelft@shareasale.com,491-90-4001
Allys,Baudone,abaudonefu@irs.gov,693-63-6858
Felicio,Cawdell,fcawdellfv@feedburner.com,622-44-6818
Eunice,Oglevie,eogleviefw@meetup.com,150-35-8943
Joice,Weitzel,jweitzelfx@oracle.com,375-46-9212
Coop,Mence,cmencefy@huffingtonpost.com,682-60-4670
Menard,Blues,mbluesfz@soup.io,831-23-6438
Marcia,De Bruijn,mdebruijng0@gov.uk,210-40-9355
Nikolai,Faloon,nfaloong1@cbsnews.com,257-23-8439
Baryram,Maton,bmatong2@jugem.jp,881-13-5752
Vito,Gimbart,vgimbartg3@accuweather.com,540-43-9220
Adora,Esseby,aessebyg4@purevolume.com,425-78-1619
Bernhard,Attenbrough,battenbroughg5@blinklist.com,680-85-3957
Purcell,Ecles,peclesg6@geocities.com,736-05-3484
Ailbert,Sharma,asharmag7@vk.com,514-28-5060
Janene,Kleewein,jkleeweing8@istockphoto.com,377-19-8549
Conni,Mealing,cmealingg9@netscape.com,474-97-0025
Theodoric,Whitfeld,twhitfeldga@oracle.com,553-78-0556
Bessy,Silcock,bsilcockgb@mediafire.com,119-35-1453
Waylon,Ungaretti,wungarettigc@state.tx.us,863-89-2850
Ferdinande,Arnoll,farnollgd@arstechnica.com,899-49-9941
Konstanze,Soldan,ksoldange@webmd.com,215-46-1057
Corie,Scriven,cscrivengf@yahoo.co.jp,605-71-7536
Mallory,Benterman,mbentermangg@trellian.com,714-05-4762
Cherilyn,Keeling,ckeelinggh@disqus.com,633-04-0329
Deeyn,Bloxsom,dbloxsomgi@nature.com,771-89-2054
Atlante,Hallaways,ahallawaysgj@virginia.edu,889-93-8444
Fraze,Hallt,fhalltgk@hud.gov,107-98-5374
Stefania,Twohig,stwohiggl@independent.co.uk,502-46-8325
Mersey,Nore,mnoregm@unc.edu,658-61-4782
Dorri,Dominguez,ddominguezgn@guardian.co.uk,394-35-5639
Alasdair,Giottini,agiottinigo@sohu.com,112-80-5670
Clevey,Bamlet,cbamletgp@lulu.com,467-78-3995
Sawyere,Anyene,sanyenegq@edublogs.org,605-35-3890
Etienne,Swindin,eswindingr@arstechnica.com,690-90-9276
Inessa,Dockwra,idockwrags@nps.gov,580-32-4859
Albertina,Howford,ahowfordgt@cargocollective.com,769-45-4984
Iosep,Maw,imawgu@ft.com,884-40-4054
Huntlee,Kerswell,hkerswellgv@redcross.org,772-86-2505
Oneida,Sampson,osampsongw@cloudflare.com,337-37-0831
Kirstyn,Eakle,keaklegx@icq.com,563-14-2314
Danika,Cadany,dcadanygy@etsy.com,445-17-8647
Dorise,Bickerstaffe,dbickerstaffegz@ustream.tv,395-94-6793
Nicky,Boshers,nboshersh0@ucsd.edu,514-94-9313
Jaime,Welham,jwelhamh1@mac.com,821-79-9023
Isabeau,Larkings,ilarkingsh2@youku.com,827-61-4235
Alvy,Bispham,abisphamh3@wired.com,224-11-9159
Camella,Ranstead,cransteadh4@foxnews.com,887-96-5746
Raviv,Lovitt,rlovitth5@fotki.com,151-53-1298
Nyssa,Saltmarshe,nsaltmarsheh6@parallels.com,551-27-9811
Lorie,Wein,lweinh7@yolasite.com,786-09-2481
Lilah,Chiverstone,lchiverstoneh8@hatena.ne.jp,446-88-9419
Tadeo,Bricknall,tbricknallh9@pcworld.com,867-98-9844
Rhys,Dunning,rdunningha@google.pl,679-98-8781
Dari,Morton,dmortonhb@washingtonpost.com,110-20-1857
Roslyn,Dumberell,rdumberellhc@nsw.gov.au,622-53-0478
Em,Goldwater,egoldwaterhd@utexas.edu,714-32-8276
Alfred,Toffano,atoffanohe@harvard.edu,822-40-4495
Kimmi,Harrowsmith,kharrowsmithhf@i2i.jp,183-70-1134
Norman,Korfmann,nkorfmannhg@mail.ru,327-25-0124
Wildon,Bagley,wbagleyhh@dagondesign.com,168-12-3978
Thaddeus,Gilvear,tgilvearhi@umich.edu,603-93-5219
Birdie,Ivanyushin,bivanyushinhj@theguardian.com,592-14-5046
Sancho,Pena,spenahk@squidoo.com,603-64-0439
Dulciana,Sodory,dsodoryhl@home.pl,882-21-7879
Bonnibelle,Maisey,bmaiseyhm@utexas.edu,184-35-1932
Kylynn,Du Hamel,kduhamelhn@yelp.com,448-72-5618
Calv,Henden,chendenho@weebly.com,836-92-7348
Marga,Mapletoft,mmapletofthp@domainmarket.com,330-39-7347
Selby,Kelemen,skelemenhq@auda.org.au,809-30-4231
Cyril,Parkinson,cparkinsonhr@comcast.net,810-76-4763
Alexandros,Carse,acarsehs@dyndns.org,618-39-0485
Ben,Fruchon,bfruchonht@de.vu,688-35-4982
Stephie,Berre,sberrehu@technorati.com,830-84-4230
Tiertza,Gillespey,tgillespeyhv@mediafire.com,881-22-3100
Kimberlyn,Goldspink,kgoldspinkhw@umich.edu,235-79-1295
Giacopo,Kiraly,gkiralyhx@free.fr,467-99-0291
Rivi,Boome,rboomehy@hatena.ne.jp,701-02-5486
Del,Bettanay,dbettanayhz@ehow.com,146-35-0361
Jamaal,Jovicevic,jjovicevici0@blog.com,706-51-8610
Kristine,Sennett,ksennetti1@economist.com,643-25-4627
Nat,Kuhnwald,nkuhnwaldi2@yale.edu,406-30-3537
Mikaela,Cayet,mcayeti3@oakley.com,168-82-4180
Irene,Norridge,inorridgei4@imgur.com,330-47-8653
Erroll,Blincow,eblincowi5@unesco.org,743-65-1969
Chrysler,Hould,chouldi6@dot.gov,169-33-4091
Jeramie,Piniur,jpiniuri7@ow.ly,336-85-8609
Sharyl,Cristofalo,scristofaloi8@timesonline.co.uk,688-35-9400
Jessika,Devaney,jdevaneyi9@opera.com,275-30-4280
Jolyn,Jimenez,jjimenezia@eepurl.com,618-03-0327
Brew,Palfrey,bpalfreyib@yandex.ru,436-15-5375
Merry,Brumen,mbrumenic@theguardian.com,306-87-9736
Benedick,Berk,bberkid@tripod.com,831-99-1789
Adorne,Prestidge,aprestidgeie@over-blog.com,727-04-2819
Glynda,Dumigan,gdumiganif@eepurl.com,331-24-6233
Elinor,Lohden,elohdenig@elpais.com,232-84-1223
Anita,Summerlad,asummerladih@moonfruit.com,651-80-3009
Cami,Linley,clinleyii@nymag.com,540-25-1578
Donnamarie,Busfield,dbusfieldij@nydailynews.com,178-23-1766
Pierette,Luxen,pluxenik@globo.com,799-15-2009
Fitz,Roelofsen,froelofsenil@time.com,288-39-3857
Lavinie,Boles,lbolesim@deviantart.com,433-68-3502
Natassia,Nelle,nnellein@cpanel.net,626-25-0898
Benn,Jozsef,bjozsefio@cbsnews.com,450-08-8332
Lexy,Lohering,lloheringip@live.com,611-16-0539
Heather,Le febre,hlefebreiq@blogspot.com,330-92-9784
Schuyler,Tames,stamesir@google.com.hk,401-02-6517
Bernhard,Harkes,bharkesis@vinaora.com,726-15-9498
Marcy,Shapcote,mshapcoteit@themeforest.net,110-44-6078
Elly,Golborn,egolborniu@devhub.com,507-41-2665
Selle,Lathee,slatheeiv@gmpg.org,381-90-8522
Isidore,Simioli,isimioliiw@wordpress.org,427-67-3639
Brok,Colcomb,bcolcombix@furl.net,449-35-2488
Starlin,Bewlie,sbewlieiy@w3.org,798-05-3429
Andrus,Whitwood,awhitwoodiz@wunderground.com,124-96-5309
Corbet,Grogor,cgrogorj0@reddit.com,278-66-4841
Whit,Rudwell,wrudwellj1@cornell.edu,483-94-1920
Delinda,Whaites,dwhaitesj2@tripod.com,393-28-9120
Karin,Bendixen,kbendixenj3@surveymonkey.com,152-45-1210
Renelle,Backson,rbacksonj4@printfriendly.com,813-04-5046
Rosabel,Burchall,rburchallj5@senate.gov,314-28-7330
Lona,Billingsley,lbillingsleyj6@soup.io,581-15-6903
Winnah,Dzeniskevich,wdzeniskevichj7@japanpost.jp,125-24-3475
Ema,Saggs,esaggsj8@ameblo.jp,830-39-5724
Smith,Swabey,sswabeyj9@prlog.org,329-46-1114
Eadith,Florence,eflorenceja@altervista.org,331-80-5395
Connie,Botley,cbotleyjb@nydailynews.com,824-38-8842
Gustie,Hofton,ghoftonjc@cmu.edu,364-62-7696
Jeannette,Golly,jgollyjd@mashable.com,646-47-1882
Jarrod,Culy,jculyje@yellowbook.com,751-66-9479
Clarey,Seggie,cseggiejf@blogs.com,761-58-9116
Tansy,Stellman,tstellmanjg@discuz.net,616-16-2072
Blinny,Chadbourne,bchadbournejh@linkedin.com,855-76-4312
Tull,Gary,tgaryji@baidu.com,618-93-5969
Edita,Skouling,eskoulingjj@dailymail.co.uk,520-08-8605
Garik,Heaven,gheavenjk@imgur.com,777-78-4693
Any,Keitch,akeitchjl@engadget.com,876-26-4413
Estelle,Learoyd,elearoydjm@google.nl,592-82-4674
Royall,Grenshiels,rgrenshielsjn@dmoz.org,822-85-2437
Anatola,Borborough,aborboroughjo@hao123.com,422-64-2803
Fayth,Stading,fstadingjp@buzzfeed.com,775-87-5852
Kathryn,Lamers,klamersjq@google.it,618-28-8678
Daile,Lightman,dlightmanjr@free.fr,766-35-9334
Monique,Cohen,mcohenjs@digg.com,234-33-1267
Gregor,Worley,gworleyjt@rakuten.co.jp,263-31-2601
Aidan,Scotchforth,ascotchforthju@jigsy.com,313-51-9425
Darnall,Wankling,dwanklingjv@psu.edu,488-30-5040
Emalia,Retallack,eretallackjw@time.com,607-70-2122
Merrill,Milnthorpe,mmilnthorpejx@i2i.jp,452-46-7530
Judye,Rosentholer,jrosentholerjy@livejournal.com,892-88-2279
Lynnelle,Farrier,lfarrierjz@wikipedia.org,662-93-1138
Ignatius,Reap,ireapk0@hexun.com,543-49-6134
Perry,Fruin,pfruink1@pinterest.com,235-57-2524
Trude,Crickett,tcrickettk2@hibu.com,874-62-5121
Boniface,Bulger,bbulgerk3@artisteer.com,171-52-6967
Sosanna,Whitmore,swhitmorek4@baidu.com,230-56-5856
Ynez,Yarrall,yyarrallk5@webs.com,713-31-1883
Lind,Kingsnode,lkingsnodek6@twitter.com,185-33-9445
Teddy,Mattheus,tmattheusk7@cyberchimps.com,676-82-9996
Layla,Fish,lfishk8@mashable.com,598-79-5753
Chrissy,Broschek,cbroschekk9@yolasite.com,256-78-9657
Rubie,Daykin,rdaykinka@nymag.com,107-99-7760
Sheena,Muzzullo,smuzzullokb@e-recht24.de,179-61-8378
Raimundo,Durman,rdurmankc@chron.com,810-94-7352
Michell,Satterlee,msatterleekd@princeton.edu,732-36-5800
Mathias,Zammitt,mzammittke@is.gd,262-09-9494
Friederike,Dayment,fdaymentkf@ca.gov,426-93-3295
Avivah,Negal,anegalkg@aol.com,790-59-0650
Yvor,McFadden,ymcfaddenkh@naver.com,772-34-9334
Elayne,Couser,ecouserki@pcworld.com,410-98-6546
Chick,Swinford,cswinfordkj@weibo.com,246-61-6318
Lissa,Crudginton,lcrudgintonkk@typepad.com,656-50-5803
Annabelle,Hartless,ahartlesskl@vimeo.com,792-44-3000
Jobie,Dymott,jdymottkm@scribd.com,454-15-5177
Cathlene,Moult,cmoultkn@sitemeter.com,531-36-0833
Jania,Hub,jhubko@tinypic.com,328-49-5067
Lauritz,Newburn,lnewburnkp@ustream.tv,478-59-9883
Roderic,Rockliffe,rrockliffekq@apache.org,373-91-6243
Jess,Leisman,jleismankr@sakura.ne.jp,390-26-3367
Fan,Tatlowe,ftatloweks@bluehost.com,579-61-4111
Sherwynd,Nice,snicekt@facebook.com,611-98-0697
Adoree,Ritmeyer,aritmeyerku@howstuffworks.com,587-93-1625
Yves,Newcomen,ynewcomenkv@imageshack.us,490-38-9149
Jobey,Gutch,jgutchkw@telegraph.co.uk,303-47-5166
Shanie,Shimman,sshimmankx@java.com,482-14-6172
Rasla,Wellstead,rwellsteadky@skype.com,370-53-7256
Sonni,Gagin,sgaginkz@devhub.com,618-90-4728
Karisa,Corsham,kcorshaml0@bigcartel.com,307-38-9934
Auria,Glencrosche,aglencroschel1@mtv.com,866-75-5807
Fredi,Petre,fpetrel2@yellowbook.com,772-62-5493
Rickey,Kubanek,rkubanekl3@nature.com,248-16-9674
Anette,Leavey,aleaveyl4@rediff.com,119-69-2654
Drew,Gallen,dgallenl5@unblog.fr,125-48-6583
Alyss,Kimmitt,akimmittl6@reverbnation.com,728-90-7776
Lucinda,Simkovich,lsimkovichl7@soup.io,690-55-1689
Sawyere,Alldread,salldreadl8@behance.net,593-31-5402
Dolores,Pordall,dpordalll9@weebly.com,525-33-2787
Melony,Mushawe,mmushawela@jiathis.com,739-28-1744
Elysia,Ingree,eingreelb@msn.com,774-43-6741
Alano,Whilde,awhildelc@sina.com.cn,698-35-9813
Willis,Hessentaler,whessentalerld@chicagotribune.com,143-04-0186
Darsey,Firman,dfirmanle@quantcast.com,523-81-9042
Lucita,Bleibaum,lbleibaumlf@smh.com.au,238-81-6262
Wendel,De Ath,wdeathlg@reference.com,465-97-7497
Sissy,Colbourn,scolbournlh@pagesperso-orange.fr,888-07-4355
Estell,Karolczyk,ekarolczykli@twitter.com,605-34-3090
Sherline,Servis,sservislj@cocolog-nifty.com,593-97-7899
Teodorico,Stollery,tstollerylk@nbcnews.com,887-21-9276
Gael,Wateridge,gwateridgell@weather.com,613-52-3500
Nikolai,Leonard,nleonardlm@ocn.ne.jp,335-24-2063
Madlen,Fessions,mfessionsln@ihg.com,738-38-3981
Hardy,Stockall,hstockalllo@addthis.com,875-22-6507
Wilhelm,Bartlet,wbartletlp@fda.gov,134-91-7594
Gaelan,McVanamy,gmcvanamylq@berkeley.edu,821-13-7702
Danell,Chetham,dchethamlr@symantec.com,627-47-8315
Fin,Belt,fbeltls@friendfeed.com,668-18-2894
Helge,Sheryne,hsherynelt@disqus.com,324-76-3831
Garner,Ferretti,gferrettilu@washington.edu,713-29-2820
Dougy,Seavers,dseaverslv@tumblr.com,649-06-2395
Tedi,Meenan,tmeenanlw@narod.ru,262-40-3287
Hamid,Cuseick,hcuseicklx@usda.gov,495-25-6293
Verene,Meeland,vmeelandly@gnu.org,544-15-6696
Rourke,Puddan,rpuddanlz@sohu.com,728-15-6143
Daniele,Croxford,dcroxfordm0@vinaora.com,458-73-2533
Modesta,Ivashintsov,mivashintsovm1@de.vu,103-36-3538
Mel,Newstead,mnewsteadm2@qq.com,724-29-3758
Mauricio,Duligall,mduligallm3@home.pl,818-91-1928
Cirilo,Martinolli,cmartinollim4@cdc.gov,739-94-8221
Adler,Hymas,ahymasm5@baidu.com,220-44-4460
Alyss,Seifert,aseifertm6@flickr.com,625-48-5987
Kameko,Weems,kweemsm7@biglobe.ne.jp,228-59-2975
Sisile,Duplan,sduplanm8@desdev.cn,852-40-4567
Ailis,Sherwyn,asherwynm9@cpanel.net,707-65-4364
Kettie,Rockhill,krockhillma@ustream.tv,387-30-1796
Jillane,Longthorne,jlongthornemb@multiply.com,284-03-0476
Lurline,Pickton,lpicktonmc@techcrunch.com,758-63-0518
Amaleta,Gossop,agossopmd@weather.com,394-39-1616
Alfons,Gaule,agauleme@mapy.cz,580-64-5490
Karlotte,Firman,kfirmanmf@ox.ac.uk,726-05-5262
Shaine,Pierse,spiersemg@cdc.gov,750-37-0813
Koren,Garioch,kgariochmh@cloudflare.com,878-13-4682
Jessalin,Ryal,jryalmi@biglobe.ne.jp,131-31-1615
Rolph,Stratley,rstratleymj@theglobeandmail.com,649-87-9211
Hersch,Godleman,hgodlemanmk@yahoo.com,816-36-3414
Colene,Keach,ckeachml@oaic.gov.au,285-22-1820
Tyrone,Pitceathly,tpitceathlymm@cbslocal.com,767-47-9972
Eba,Brouard,ebrouardmn@soup.io,405-60-6236
Birk,Trevascus,btrevascusmo@cnet.com,458-92-1400
Gorden,Staneland,gstanelandmp@reuters.com,791-02-5452
Jillie,Dy,jdymq@mtv.com,559-27-4845
Dell,Fernely,dfernelymr@nsw.gov.au,655-58-9314
Lucienne,Seagood,lseagoodms@hhs.gov,308-25-8608
Vitia,Sucre,vsucremt@t.co,789-54-4929
Travis,Cromley,tcromleymu@xrea.com,459-97-1499
Lief,Fundell,lfundellmv@spiegel.de,382-94-6353
Blayne,Eger,begermw@hud.gov,351-79-6716
Kessia,Baldacchino,kbaldacchinomx@china.com.cn,324-60-7722
Emili,Barlass,ebarlassmy@reuters.com,324-36-3023
Cassie,Galliard,cgalliardmz@t-online.de,389-85-6853
Freida,Keneford,fkenefordn0@tripod.com,825-83-7581
Mord,Bernhardt,mbernhardtn1@blinklist.com,532-62-4282
Hugibert,Armour,harmourn2@umich.edu,297-85-7644
Dreddy,Apps,dappsn3@simplemachines.org,523-17-6606
Pascale,De Roberto,pderoberton4@rediff.com,737-74-1594
Alyce,Srutton,asruttonn5@si.edu,381-48-5369
Aimil,Hearse,ahearsen6@homestead.com,583-24-1138
Beatriz,Greig,bgreign7@howstuffworks.com,751-40-2796
Maggi,Doohey,mdooheyn8@360.cn,134-12-0326
Berk,Kedie,bkedien9@nytimes.com,710-75-9351
Mariel,Rohlfing,mrohlfingna@homestead.com,858-05-6717
Celestina,Cessford,ccessfordnb@instagram.com,505-37-8416
Raffaello,Shillom,rshillomnc@ca.gov,400-80-3201
Mozelle,Seymark,mseymarknd@newsvine.com,473-98-0568
Margaretha,Olyunin,molyuninne@eepurl.com,726-85-8558
Wadsworth,Perrelli,wperrellinf@umich.edu,462-69-5852
Caria,Leindecker,cleindeckerng@ucsd.edu,633-46-2117
Winona,Schrir,wschrirnh@chron.com,354-35-3595
Kalina,Wheatcroft,kwheatcroftni@disqus.com,207-41-0591
Trip,Bambury,tbamburynj@soundcloud.com,173-57-1709
Jarrett,Goulter,jgoulternk@unblog.fr,778-67-6857
Stephan,Pieche,spiechenl@usa.gov,525-12-1317
Akim,Gland,aglandnm@oaic.gov.au,855-17-1604
Hermie,Peddowe,hpeddowenn@gmpg.org,654-06-4162
Alberta,Chiverton,achivertonno@squarespace.com,632-43-6614
Jane,Lowy,jlowynp@imageshack.us,300-66-3701
Merilyn,Lagadu,mlagadunq@youtu.be,504-80-8074
Hanny,Olivi,holivinr@ezinearticles.com,154-31-2466
Quinn,Broune,qbrounens@behance.net,834-35-9353
Eachelle,Sambrok,esambroknt@360.cn,377-84-5442
Gian,Harryman,gharrymannu@geocities.jp,301-28-8451
Virginie,Brinklow,vbrinklownv@admin.ch,820-75-1409
Karel,Jeannaud,kjeannaudnw@taobao.com,435-63-9084
Friederike,Lapish,flapishnx@vinaora.com,284-82-3656
Claudelle,Dawtry,cdawtryny@sogou.com,691-53-0312
Erny,McKibbin,emckibbinnz@sourceforge.net,808-48-7133
Kelwin,McCaig,kmccaigo0@ucsd.edu,184-05-0648
Carolan,Ducham,cduchamo1@scientificamerican.com,889-97-5840
Jemie,Veneur,jveneuro2@tumblr.com,826-07-6263
Koenraad,Chasles,kchasleso3@artisteer.com,611-96-2498
Ellene,Billingsly,ebillingslyo4@github.com,597-24-4754
Fowler,Koenraad,fkoenraado5@mediafire.com,762-26-5691
Ardenia,Wands,awandso6@mail.ru,157-56-8071
Nanete,Leader,nleadero7@google.co.uk,148-32-1909
Farly,Denzilow,fdenzilowo8@yellowpages.com,274-33-7177
Gay,Warriner,gwarrinero9@state.gov,689-55-9523
Luigi,Yallop,lyallopoa@wikispaces.com,207-18-0602
Kinsley,Hearley,khearleyob@vk.com,173-33-9750
Wat,Juett,wjuettoc@spotify.com,767-57-5275
Curt,Duval,cduvalod@patch.com,310-08-3935
Amberly,Jessard,ajessardoe@clickbank.net,406-74-8743
Cecilia,Molines,cmolinesof@yolasite.com,608-29-0988
Gaspar,Gon,ggonog@forbes.com,767-85-9469
Meg,Reece,mreeceoh@moonfruit.com,469-48-4958
Bryan,Mellor,bmelloroi@ehow.com,640-22-0604
Josephine,Guille,jguilleoj@ihg.com,162-44-0741
Joachim,Rayner,jraynerok@archive.org,538-29-5908
Briny,Dodwell,bdodwellol@freewebs.com,766-84-6588
Cassandry,Purchase,cpurchaseom@nbcnews.com,258-21-9551
El,Fowley,efowleyon@tinypic.com,349-39-0687
Verne,Olyet,volyetoo@chicagotribune.com,755-39-6545
Reginauld,Comben,rcombenop@go.com,226-93-9912
Kori,Guare,kguareoq@instagram.com,806-81-5242
Drugi,Crummey,dcrummeyor@artisteer.com,647-07-0845
Lynde,McQuade,lmcquadeos@e-recht24.de,586-41-4266
Danit,Jodlowski,djodlowskiot@symantec.com,242-14-4861
Essie,Marshal,emarshalou@posterous.com,649-18-6206
Trent,Beidebeke,tbeidebekeov@time.com,495-21-2363
Barbaraanne,Hargie,bhargieow@macromedia.com,437-60-3691
Shelley,Norcutt,snorcuttox@mozilla.org,127-27-8890
Lorry,Wark,lwarkoy@is.gd,388-52-5171
Derron,Ortner,dortneroz@prweb.com,537-90-0296
Karylin,Lardier,klardierp0@timesonline.co.uk,176-36-4304
Brana,Wren,bwrenp1@aol.com,856-35-1119
Sheilakathryn,Croci,scrocip2@harvard.edu,824-11-7606
Cherin,Schnieder,cschniederp3@google.com,450-27-6542
Robbie,Renihan,rrenihanp4@msu.edu,411-64-0603
Renae,Petschelt,rpetscheltp5@paypal.com,736-72-1082
Arline,Jenkyn,ajenkynp6@blogger.com,860-24-6554
Ekaterina,Pavlasek,epavlasekp7@tamu.edu,357-86-1100
Hube,Camblin,hcamblinp8@google.es,120-22-5910
Brunhilda,Libby,blibbyp9@scribd.com,149-80-4224
Wilmar,Yosevitz,wyosevitzpa@deviantart.com,719-60-7501
Hillery,McLugish,hmclugishpb@huffingtonpost.com,497-86-9581
Mona,Yarmouth,myarmouthpc@flavors.me,789-33-0805
Gaspar,Mayho,gmayhopd@businessweek.com,410-74-2088
Humphrey,Mackieson,hmackiesonpe@deliciousdays.com,306-73-7617
Issie,Dranfield,idranfieldpf@usda.gov,321-78-9696
Tammi,Verrills,tverrillspg@hc360.com,248-03-6703
Wilek,Limb,wlimbph@example.com,795-21-6101
Donalt,Eggleson,degglesonpi@aol.com,292-66-1721
Nady,Alleyn,nalleynpj@ebay.com,898-22-5794
Valina,Josef,vjosefpk@liveinternet.ru,184-80-4980
Jarrett,Roels,jroelspl@addtoany.com,131-75-4533
Fionnula,Penn,fpennpm@engadget.com,268-52-4724
Livvyy,Gebuhr,lgebuhrpn@cmu.edu,507-95-2585
Welby,Stealey,wstealeypo@friendfeed.com,544-20-3480
Sharla,Bockin,sbockinpp@ehow.com,569-65-6725
Federica,Pellamonuten,fpellamonutenpq@psu.edu,719-40-2719
Coreen,McMakin,cmcmakinpr@prweb.com,496-05-8164
Booth,Featherstonhaugh,bfeatherstonhaughps@mapy.cz,150-41-5451
Celeste,Harker,charkerpt@bluehost.com,116-53-3968
Martainn,Rubke,mrubkepu@uol.com.br,456-52-1511
Judy,O'Criane,jocrianepv@senate.gov,126-05-2737
Kassi,Lambarth,klambarthpw@dailymotion.com,523-98-4556
Damara,Comrie,dcomriepx@phpbb.com,723-23-9231
Lanna,Worlidge,lworlidgepy@indiegogo.com,585-29-4192
Arlin,Hearons,ahearonspz@netvibes.com,651-89-9267
Nannie,Treves,ntrevesq0@chicagotribune.com,509-22-4923
Dyna,Stirtle,dstirtleq1@abc.net.au,332-20-9114
Hedwig,Wyant,hwyantq2@google.co.jp,122-46-2193
Harriet,Lusted,hlustedq3@lycos.com,243-19-5451
Jacobo,Drinkel,jdrinkelq4@mac.com,837-87-5827
Bil,Rolance,brolanceq5@delicious.com,773-43-2951
Abraham,Felmingham,afelminghamq6@mapquest.com,260-93-6511
Averill,Grazier,agrazierq7@marketwatch.com,691-18-9727
Georg,Itzkovwitch,gitzkovwitchq8@instagram.com,648-21-3587
Zaccaria,Spearing,zspearingq9@pinterest.com,675-56-8515
Judye,Quye,jquyeqa@unc.edu,643-83-0394
Matthias,Abbey,mabbeyqb@vkontakte.ru,109-38-4738
Joachim,Gaskarth,jgaskarthqc@surveymonkey.com,374-26-3282
Conney,O'Rowane,corowaneqd@bloglovin.com,200-10-4998
Heddi,Burk,hburkqe@myspace.com,764-88-9345
Bernardo,Alsopp,balsoppqf@europa.eu,259-24-3361
Lissa,Curbishley,lcurbishleyqg@omniture.com,542-03-5440
Abram,Severy,aseveryqh@opensource.org,474-57-2391
Diego,Mandres,dmandresqi@twitpic.com,155-16-5439
Vinny,Forward,vforwardqj@mapy.cz,802-90-4733
Lacee,Cardo,lcardoqk@yelp.com,642-78-0395
Rocky,McPeice,rmcpeiceql@netlog.com,896-89-8454
Chris,Torr,ctorrqm@jigsy.com,605-76-6334
Shanda,Arrigo,sarrigoqn@tuttocitta.it,546-73-3852
Conroy,Venneur,cvenneurqo@cbc.ca,134-73-4233
Agace,Gavrieli,agavrieliqp@abc.net.au,131-83-9737
Linn,Giraudo,lgiraudoqq@xinhuanet.com,357-69-0328
Seline,Maben,smabenqr@hostgator.com,120-80-5350
Boniface,Bottleson,bbottlesonqs@mapy.cz,408-48-2747
Delia,Giacopelo,dgiacopeloqt@wordpress.com,210-05-5960
Georas,Chinn,gchinnqu@cafepress.com,139-74-1854
Milton,Janout,mjanoutqv@netscape.com,809-32-2421
Linnet,Sabbatier,lsabbatierqw@shutterfly.com,807-25-2218
Cissiee,Louth,clouthqx@google.com.au,851-50-1990
Corrine,Ensley,censleyqy@nps.gov,181-13-5963
Devonna,Bronger,dbrongerqz@wunderground.com,173-16-7094
Catriona,Dooley,cdooleyr0@zdnet.com,569-40-7016
Fredia,Challace,fchallacer1@phpbb.com,747-37-0560
Huey,Mowson,hmowsonr2@china.com.cn,697-17-5448
Roby,Edinburgh,redinburghr3@51.la,364-83-4804
Harrie,Adamovitz,hadamovitzr4@wp.com,711-84-6052
Carlyn,Nelthropp,cnelthroppr5@vistaprint.com,253-42-0270
Kermie,Simmins,ksimminsr6@vk.com,447-83-0500
Alonzo,Gloy,agloyr7@360.cn,414-78-6178
Marilin,Bernolet,mbernoletr8@netscape.com,576-44-7687
Raina,Maps,rmapsr9@geocities.com,238-83-4217
Marie,Farthing,mfarthingra@fotki.com,584-72-3202
Skell,Grouer,sgrouerrb@xing.com,730-42-0522
Yehudit,Millar,ymillarrc@arizona.edu,612-19-4813
Eugen,Thame,ethamerd@goo.ne.jp,454-68-4349
Dasha,Barosch,dbaroschre@macromedia.com,599-51-8072
Marylinda,MacMurray,mmacmurrayrf@alexa.com,597-85-7774
Slade,Pacher,spacherrg@oakley.com,184-90-3652
Aubry,Berridge,aberridgerh@webmd.com,105-06-4508
Keane,Knoller,kknollerri@globo.com,168-15-6772
Ardene,Wallbridge,awallbridgerj@twitpic.com,448-37-5338
Bone,Friend,bfriendrk@4shared.com,847-36-8048
Brod,Hadlow,bhadlowrl@hatena.ne.jp,710-59-9127
Hayden,Kettell,hkettellrm@usnews.com,825-65-3579
Korie,Showt,kshowtrn@cisco.com,107-45-7566
Dexter,Paynton,dpayntonro@alexa.com,670-03-7472
Bengt,Goly,bgolyrp@nymag.com,753-88-1716
Cecil,Byne,cbynerq@shareasale.com,532-53-0400
Ravi,Lucken,rluckenrr@studiopress.com,847-10-3379
