First Name,Last Name,Email,SSN
Davida,Anker,danker0@naver.com,270-43-5350
Odelle,Coram,ocoram1@lulu.com,539-96-1796
Kaitlin,Farady,kfarady2@feedburner.com,650-14-4376
Tomasine,Nono,tnono3@de.vu,767-15-9532
Elnora,Brissenden,ebrissenden4@wp.com,399-83-7429
Norby,Blincowe,nblincowe5@whitehouse.gov,406-25-9980
Em,MacMoyer,emacmoyer6@tinyurl.com,509-41-7843
Norma,Viste,nviste7@digg.com,604-02-2496
Viva,Tomasino,vtomasino8@about.com,774-85-4723
Amalee,Darthe,adarthe9@t-online.de,342-70-7248
Mirna,Bagger,mbaggera@cornell.edu,600-43-6363
Abbi,Rainville,arainvilleb@phpbb.com,752-55-4003
Dillie,Regelous,dregelousc@buzzfeed.com,234-05-1919
Sidoney,Ostick,sostickd@auda.org.au,214-81-4177
Clywd,Blooman,cbloomane@purevolume.com,503-79-0128
Jennifer,Pogg,jpoggf@ucoz.ru,498-59-8243
Isadora,Polycote,ipolycoteg@yahoo.co.jp,377-44-1048
Dorthy,Gretton,dgrettonh@mapy.cz,782-89-1883
Skyler,Broomhall,sbroomhalli@vistaprint.com,412-55-1380
Rocky,Beche,rbechej@blogtalkradio.com,755-66-1155
Philbert,King,pkingk@alibaba.com,728-57-6464
Cobbie,Edelmann,cedelmannl@elegantthemes.com,152-15-1660
Any,Dank,adankm@theguardian.com,792-33-8345
Aeriel,Hollingby,ahollingbyn@canalblog.com,192-38-1385
Bartholomew,Tynemouth,btynemoutho@newyorker.com,671-42-2920
Dahlia,O'Codihie,docodihiep@chronoengine.com,781-51-5301
Patricia,Rosenfeld,prosenfeldq@fastcompany.com,705-95-1839
Pren,Fellis,pfellisr@theguardian.com,542-42-4346
Modestine,Degenhardt,mdegenhardts@usnews.com,384-37-7039
Aura,Gudde,aguddet@dmoz.org,166-32-4939
Brana,Gomery,bgomeryu@scientificamerican.com,857-79-3279
Ophelia,Shirlaw,oshirlawv@webs.com,205-59-5420
Sigismond,Stote,sstotew@ucla.edu,455-33-0226
Radcliffe,Gibling,rgiblingx@tinyurl.com,312-02-9365
Katherine,Graffin,kgraffiny@mac.com,481-52-6276
Paloma,Plan,pplanz@blogger.com,747-87-3897
Pearce,Croom,pcroom10@merriam-webster.com,491-65-4961
Inez,Handrahan,ihandrahan11@slate.com,387-99-6731
Natalie,Bentame,nbentame12@chronoengine.com,377-55-8715
Rozalie,Mitchener,rmitchener13@cloudflare.com,126-85-5243
Wait,Curtain,wcurtain14@ca.gov,229-40-7205
Prue,Petrelli,ppetrelli15@bing.com,740-74-7585
Pieter,Gulland,pgulland16@tumblr.com,807-13-3949
Evaleen,Constant,econstant17@icio.us,574-15-1230
Mack,Ive,mive18@digg.com,492-30-9695
Janis,Cammacke,jcammacke19@vimeo.com,835-41-8164
Northrop,Ferrolli,nferrolli1a@indiegogo.com,152-21-6391
Yorke,Kembry,ykembry1b@sogou.com,825-15-7964
Zacharias,Duetschens,zduetschens1c@xing.com,763-39-2761
Modestia,Sondon,msondon1d@economist.com,324-92-1636
Christi,Bleibaum,cbleibaum1e@narod.ru,750-62-5462
Reggis,Chettle,rchettle1f@miitbeian.gov.cn,814-78-0190
Pierson,Schieferstein,pschieferstein1g@livejournal.com,708-21-2265
Culver,Luthwood,cluthwood1h@indiatimes.com,407-13-7846
Skell,Easlea,seaslea1i@miibeian.gov.cn,880-82-3444
Loralie,Bowness,lbowness1j@toplist.cz,243-99-3608
Bernetta,Firmager,bfirmager1k@pinterest.com,416-96-8498
Lorens,Siggers,lsiggers1l@blinklist.com,896-09-5642
Kylie,Serjeant,kserjeant1m@smugmug.com,736-98-1454
Annora,Edmead,aedmead1n@toplist.cz,843-27-9023
Erika,Kilpin,ekilpin1o@wikimedia.org,855-93-8288
Myrah,Clardge,mclardge1p@dyndns.org,692-68-7788
Rana,Stangroom,rstangroom1q@feedburner.com,749-95-4763
Jacquette,Songist,jsongist1r@npr.org,644-87-7385
Skipper,Graffin,sgraffin1s@usa.gov,565-32-4457
Matteo,Dent,mdent1t@abc.net.au,347-64-6429
Janis,Cordelle,jcordelle1u@rediff.com,441-36-5902
Cathie,Sumpner,csumpner1v@huffingtonpost.com,332-13-7303
Ellen,Collcott,ecollcott1w@example.com,426-67-3114
Broderick,Clancey,bclancey1x@vk.com,563-31-7968
Aron,Hinkes,ahinkes1y@wikipedia.org,569-95-3552
Lisette,Smallacombe,lsmallacombe1z@delicious.com,638-79-5211
Reinaldo,Padginton,rpadginton20@nyu.edu,393-07-0789
Laraine,Meller,lmeller21@surveymonkey.com,476-09-5085
Sam,O'Moylane,somoylane22@cbsnews.com,751-92-3798
Fonzie,Oxbury,foxbury23@tiny.cc,386-40-8960
Gusty,Ianetti,gianetti24@vk.com,269-88-7982
Galvan,Gilhouley,ggilhouley25@weather.com,792-50-1547
Misty,Ventura,mventura26@mapquest.com,281-07-4052
Joleen,Ernke,jernke27@behance.net,332-41-0751
Darda,Pennacci,dpennacci28@ucoz.com,643-86-1362
Tabbatha,Jacobowitz,tjacobowitz29@instagram.com,783-19-2312
Carleton,Cominoli,ccominoli2a@chicagotribune.com,751-65-5334
Urson,Kondratyuk,ukondratyuk2b@squarespace.com,193-14-3508
Gard,Fifield,gfifield2c@cloudflare.com,522-68-8388
Nevsa,Glisane,nglisane2d@sitemeter.com,488-72-7045
Emelita,Gerring,egerring2e@gizmodo.com,427-56-0297
Robin,Barrat,rbarrat2f@mozilla.org,305-10-3097
Jeralee,Blunt,jblunt2g@vimeo.com,759-40-4490
Johann,Scade,jscade2h@webnode.com,208-11-8756
Weider,Brunotti,wbrunotti2i@howstuffworks.com,716-01-2140
Mareah,Rainon,mrainon2j@sakura.ne.jp,831-08-2313
Lina,Waszczyk,lwaszczyk2k@canalblog.com,608-75-3459
Alain,Collens,acollens2l@upenn.edu,413-11-0718
Roxi,Stummeyer,rstummeyer2m@hao123.com,189-10-2226
Petronilla,Tollit,ptollit2n@thetimes.co.uk,189-60-6787
Doe,Hentzer,dhentzer2o@tiny.cc,710-26-5977
Isidora,Ebdon,iebdon2p@twitter.com,469-79-4869
Germana,Chedzoy,gchedzoy2q@nps.gov,710-14-7136
Luisa,Gerrietz,lgerrietz2r@rediff.com,496-87-4365
Lorant,Escreet,lescreet2s@yahoo.co.jp,139-76-0476
Gisela,Banbridge,gbanbridge2t@businessinsider.com,750-18-4562
Verge,MacAndie,vmacandie2u@shutterfly.com,897-43-8409
Auberon,Bradtke,abradtke2v@wikipedia.org,605-88-5368
Stanislaw,Leak,sleak2w@unicef.org,809-73-2371
Brigitte,Ellerker,bellerker2x@reverbnation.com,462-88-1536
Dougy,Dallas,ddallas2y@sakura.ne.jp,453-71-1375
Nyssa,Mapholm,nmapholm2z@europa.eu,399-12-6649
Georas,Ovesen,govesen30@nih.gov,771-78-7247
Genny,McConnachie,gmcconnachie31@reuters.com,521-60-5250
Hugo,Lewerenz,hlewerenz32@networksolutions.com,257-42-3469
Kaiser,Nisard,knisard33@nature.com,773-10-3859
Gisela,Nell,gnell34@acquirethisname.com,123-98-8455
Aurel,Paige,apaige35@icio.us,447-44-0260
Emerson,Deards,edeards36@hao123.com,894-34-8206
Thaddeus,Elmer,telmer37@comcast.net,842-33-1932
Karena,Feldberger,kfeldberger38@va.gov,852-07-6617
Willabella,Anslow,wanslow39@edublogs.org,567-73-3931
Adam,Mattingly,amattingly3a@booking.com,420-49-9347
Elise,Cowmeadow,ecowmeadow3b@youku.com,499-81-6041
Jason,De Roos,jderoos3c@vinaora.com,103-09-0685
Berkly,Breffitt,bbreffitt3d@google.it,269-88-3626
Nap,Sueter,nsueter3e@businessweek.com,403-02-7395
Dulciana,Dalgardno,ddalgardno3f@google.com.hk,224-60-1862
Orv,Edger,oedger3g@netlog.com,791-11-1799
Juana,Sharpous,jsharpous3h@cafepress.com,860-70-5655
King,Meighan,kmeighan3i@upenn.edu,185-87-1598
Mariel,Perigo,mperigo3j@abc.net.au,319-20-2247
Olivie,Clingan,oclingan3k@wikispaces.com,274-87-8754
Scarlett,Green,sgreen3l@house.gov,392-27-7925
Gus,Lebrun,glebrun3m@vk.com,879-28-4274
Stacie,Woolham,swoolham3n@paypal.com,234-16-2964
Alessandra,Keddy,akeddy3o@wired.com,412-78-3278
Binky,Smye,bsmye3p@mail.ru,161-22-7781
Rafe,Cleaton,rcleaton3q@ucla.edu,688-41-6711
Nonnah,Blasli,nblasli3r@nba.com,698-30-1973
Briant,Chesterman,bchesterman3s@is.gd,489-47-8239
Becki,Mazdon,bmazdon3t@amazon.co.jp,118-33-1166
Craggy,Godin,cgodin3u@oracle.com,869-40-0509
Herve,O'Keevan,hokeevan3v@vimeo.com,387-76-1101
Ferdy,Melbert,fmelbert3w@nytimes.com,489-30-4954
Tristan,Truscott,ttruscott3x@cbc.ca,212-50-7130
Frazer,Piddock,fpiddock3y@about.me,389-30-6747
Cordi,Sweetmore,csweetmore3z@altervista.org,711-41-0560
Sammie,Ewers,sewers40@sitemeter.com,707-46-3003
Janeen,Tschursch,jtschursch41@simplemachines.org,374-53-8139
Thayne,Fragino,tfragino42@umich.edu,591-39-4154
Tedmund,Hadcroft,thadcroft43@ted.com,124-30-6885
Karoly,Hardage,khardage44@furl.net,217-90-7758
Nelson,Stoltz,nstoltz45@yahoo.com,577-65-0870
Joey,Kidd,jkidd46@aboutads.info,803-08-6757
Dalston,Mulhill,dmulhill47@thetimes.co.uk,722-01-2532
Cobbie,Eplett,ceplett48@oakley.com,438-38-5307
Hadlee,Digman,hdigman49@technorati.com,554-57-3237
Dallas,Haskell,dhaskell4a@cbc.ca,736-49-8827
Friedrich,Pealing,fpealing4b@cpanel.net,132-99-5378
Luther,Dulanty,ldulanty4c@twitter.com,155-72-8261
Kristina,Darmody,kdarmody4d@wsj.com,774-79-6881
Gavin,Minghi,gminghi4e@imageshack.us,810-29-6213
Othello,Spooner,ospooner4f@whitehouse.gov,646-17-5785
Gustav,Macbeth,gmacbeth4g@tuttocitta.it,892-87-7230
Dew,Babbe,dbabbe4h@patch.com,337-84-0088
My,Giddons,mgiddons4i@whitehouse.gov,229-90-5927
Alfonse,Keesman,akeesman4j@vk.com,276-65-4512
Jessey,Wollard,jwollard4k@i2i.jp,368-76-4771
Yurik,Stilly,ystilly4l@blogs.com,198-37-1643
Fidelity,O' Donohue,fodonohue4m@comcast.net,249-61-4932
Benito,Cuthbert,bcuthbert4n@army.mil,355-44-3945
Madlin,Huggen,mhuggen4o@amazon.com,671-52-8772
Harcourt,Kyncl,hkyncl4p@naver.com,265-68-0223
Aryn,Bambrough,abambrough4q@bravesites.com,110-29-5089
Marja,Mussetti,mmussetti4r@constantcontact.com,683-82-0354
Solly,Lermit,slermit4s@redcross.org,346-48-7579
Hillard,Rice,hrice4t@nasa.gov,334-22-7394
Bianka,Guillot,bguillot4u@php.net,528-53-5929
Derry,Le Marquis,dlemarquis4v@cyberchimps.com,190-97-3121
Bert,Lamperti,blamperti4w@intel.com,211-49-1260
Alyce,Crickett,acrickett4x@bigcartel.com,628-53-1634
Corbett,O'Nions,conions4y@weibo.com,744-24-6697
Marni,Luker,mluker4z@vimeo.com,879-82-7145
Elysee,Leates,eleates50@webnode.com,723-74-7934
Alene,Peeter,apeeter51@google.nl,851-91-8302
Galven,Das,gdas52@dyndns.org,654-93-3692
Latisha,Pemble,lpemble53@hostgator.com,532-98-1900
Ingeberg,Dudden,idudden54@engadget.com,703-06-5031
Cyrille,Gaither,cgaither55@columbia.edu,361-45-6493
Brianna,Currin,bcurrin56@hc360.com,733-65-7891
Melisent,Gipp,mgipp57@qq.com,549-74-7556
Hulda,Behn,hbehn58@bbb.org,809-50-4261
Dennie,Mille,dmille59@latimes.com,594-13-6374
Jacky,Bee,jbee5a@baidu.com,246-08-8237
Christin,Jordeson,cjordeson5b@ovh.net,596-66-8191
Joline,Privost,jprivost5c@about.com,417-83-5081
Minni,Rableau,mrableau5d@shinystat.com,643-11-1874
Ilsa,Bye,ibye5e@google.com.br,443-47-7987
Gino,Sprigin,gsprigin5f@thetimes.co.uk,541-80-1080
Barton,Brelsford,bbrelsford5g@dedecms.com,170-18-9347
Rosalinda,Bilborough,rbilborough5h@prnewswire.com,292-36-0355
Forester,Lintin,flintin5i@rakuten.co.jp,728-11-3795
Suellen,Diddams,sdiddams5j@eventbrite.com,820-06-1765
Dame,Ekell,dekell5k@livejournal.com,545-59-5835
Merrill,Mackleden,mmackleden5l@deliciousdays.com,637-67-4431
Emmy,Blades,eblades5m@last.fm,645-25-0350
Austen,Hedylstone,ahedylstone5n@washington.edu,294-86-3539
Ann,Tretter,atretter5o@homestead.com,581-25-7207
Greg,Filippello,gfilippello5p@huffingtonpost.com,161-96-7747
Asher,Quaif,aquaif5q@vinaora.com,572-79-5160
June,Gligorijevic,jgligorijevic5r@t-online.de,755-22-1810
Deina,Langthorn,dlangthorn5s@google.com.au,619-22-4173
Shawn,Manifould,smanifould5t@dedecms.com,265-70-1653
Wash,Wilson,wwilson5u@msn.com,484-91-8098
Kimberley,Whilder,kwhilder5v@state.tx.us,739-73-0909
Fielding,Armfirld,farmfirld5w@usda.gov,779-45-3805
Cesar,Attenborrow,cattenborrow5x@exblog.jp,308-47-6476
Brittne,Lehrle,blehrle5y@godaddy.com,248-02-3450
Nessy,Greedyer,ngreedyer5z@dion.ne.jp,291-02-9602
Raven,Allpress,rallpress60@typepad.com,122-22-6233
Cornall,Lumpkin,clumpkin61@wikia.com,535-08-4755
Lorne,Hairsine,lhairsine62@usnews.com,533-68-4687
Martin,Antal,mantal63@rambler.ru,762-34-2551
Onfroi,Woodberry,owoodberry64@merriam-webster.com,577-49-4267
Emily,Tennewell,etennewell65@google.pl,771-62-2879
Dudley,Pavinese,dpavinese66@lycos.com,145-62-0781
Bree,Coger,bcoger67@shop-pro.jp,210-33-7247
Carlos,Fluit,cfluit68@slate.com,657-14-3753
Waring,Dankersley,wdankersley69@google.pl,662-53-1801
Reggis,Avo,ravo6a@youtube.com,845-51-4917
Iain,Chapelle,ichapelle6b@deviantart.com,417-42-6657
Franni,Vigurs,fvigurs6c@microsoft.com,624-30-1106
Chaunce,Melsom,cmelsom6d@gizmodo.com,443-38-1334
Suellen,Bensley,sbensley6e@mysql.com,555-47-7412
Preston,Burde,pburde6f@wired.com,461-97-4473
Cristin,Banfill,cbanfill6g@topsy.com,105-90-5099
Suzann,Huffa,shuffa6h@quantcast.com,824-45-8513
Kerry,Androck,kandrock6i@prlog.org,652-59-9036
Oralia,Sinderson,osinderson6j@addthis.com,421-65-0768
Haslett,Sibson,hsibson6k@weibo.com,552-77-1351
Padraic,Lyburn,plyburn6l@paypal.com,468-82-9810
Morie,Wallman,mwallman6m@answers.com,191-53-4054
Lou,Robberts,lrobberts6n@jimdo.com,218-36-2681
Laurie,Sherbourne,lsherbourne6o@illinois.edu,639-52-2130
Conn,Tideswell,ctideswell6p@hc360.com,866-68-5307
Elie,Pattini,epattini6q@pbs.org,181-13-6977
Heda,Roskrug,hroskrug6r@exblog.jp,280-30-1094
Flory,Chiles,fchiles6s@cam.ac.uk,234-44-7149
Bertina,Gorch,bgorch6t@washingtonpost.com,605-24-4935
Paola,Timmens,ptimmens6u@cocolog-nifty.com,109-30-3842
Donica,Rixon,drixon6v@nsw.gov.au,321-94-7135
Odele,Handrek,ohandrek6w@google.ca,331-98-3037
Helsa,Irce,hirce6x@sphinn.com,222-19-1064
Elden,Harlett,eharlett6y@reddit.com,254-16-1955
Avril,Pinkney,apinkney6z@cmu.edu,294-90-7147
Alena,Tennock,atennock70@fema.gov,576-98-5980
Lissi,Fotherby,lfotherby71@senate.gov,179-43-9655
Stavros,Straughan,sstraughan72@prweb.com,281-31-0454
Nicolina,Binne,nbinne73@bloglovin.com,398-63-4563
Allene,Exposito,aexposito74@engadget.com,696-42-6930
Floris,Polson,fpolson75@toplist.cz,432-79-7160
Chris,Coffelt,ccoffelt76@zdnet.com,201-85-2019
Neysa,Eggleton,neggleton77@godaddy.com,689-39-8473
Cindi,Pippard,cpippard78@pcworld.com,698-05-8820
Rodrick,Dyster,rdyster79@sitemeter.com,320-13-7463
Zondra,Luty,zluty7a@techcrunch.com,551-67-4861
Hewet,Fleg,hfleg7b@mlb.com,529-90-0860
Agna,Paal,apaal7c@geocities.com,877-35-0717
Mareah,Thalmann,mthalmann7d@smh.com.au,627-11-6102
Hamlin,Scoon,hscoon7e@epa.gov,888-84-2896
Elia,Tellenbrook,etellenbrook7f@dot.gov,591-56-9404
Dyana,Keune,dkeune7g@howstuffworks.com,351-67-8997
Erin,Degoix,edegoix7h@163.com,721-25-4050
Lanette,Gillion,lgillion7i@ning.com,748-06-5044
Joela,Fido,jfido7j@trellian.com,414-73-4706
Cammie,Carthy,ccarthy7k@quantcast.com,200-22-3003
Tansy,Shatliff,tshatliff7l@earthlink.net,638-80-6381
Van,Dunbabin,vdunbabin7m@cargocollective.com,476-88-1058
Huntley,Fallanche,hfallanche7n@mtv.com,446-57-8530
Helena,Arckoll,harckoll7o@amazon.de,463-28-7149
Quinn,Ambrodi,qambrodi7p@tripod.com,553-63-5059
Normie,Saintpierre,nsaintpierre7q@un.org,748-18-6949
Curtice,Trevenu,ctrevenu7r@ucla.edu,777-99-7284
Christiana,Gatsby,cgatsby7s@europa.eu,208-23-8866
Madelina,Vel,mvel7t@hao123.com,411-31-6950
Dallas,Capitano,dcapitano7u@amazon.co.uk,556-70-7982
Rowena,Fritschel,rfritschel7v@rakuten.co.jp,822-96-9875
Luce,Errey,lerrey7w@bloglines.com,837-74-3249
Woodie,Brason,wbrason7x@gravatar.com,750-68-1935
Chandra,Edworthy,cedworthy7y@nsw.gov.au,203-07-2008
Corabelle,Sjostrom,csjostrom7z@usa.gov,628-94-2784
Herby,Logie,hlogie80@imageshack.us,537-28-0008
Mara,Pollastro,mpollastro81@ask.com,491-16-4707
Jeannette,Kirtlan,jkirtlan82@ifeng.com,506-16-7594
Aloin,Tarn,atarn83@webs.com,674-76-9137
Vanya,Benoit,vbenoit84@github.com,757-61-1758
Gibby,Union,gunion85@disqus.com,486-44-8909
Lucretia,Eskriet,leskriet86@phoca.cz,684-49-5370
Gladys,Mc Pake,gmcpake87@webs.com,314-97-6067
Guillemette,Halling,ghalling88@livejournal.com,543-96-5480
Elaina,Nutbeem,enutbeem89@odnoklassniki.ru,425-52-6428
Mel,Meins,mmeins8a@liveinternet.ru,832-61-2837
Lurleen,Peres,lperes8b@wordpress.org,637-96-6467
Jacky,Straker,jstraker8c@redcross.org,437-92-3610
Cale,Skillern,cskillern8d@github.com,594-91-6897
Saleem,Forty,sforty8e@who.int,842-79-7704
Marcellina,Belin,mbelin8f@netlog.com,378-74-3919
Cecilius,Pandey,cpandey8g@usnews.com,167-37-1683
Hatty,Boothby,hboothby8h@icq.com,244-61-4139
Terrye,Ortega,tortega8i@bbb.org,403-47-5185
Benoite,Bickle,bbickle8j@ycombinator.com,720-36-8540
Jeanelle,Rotchell,jrotchell8k@blogger.com,359-78-7031
Lacie,Harvett,lharvett8l@google.it,360-31-5727
Vincenty,Mostyn,vmostyn8m@foxnews.com,480-99-6895
Merv,Jammes,mjammes8n@merriam-webster.com,851-41-4010
Simonne,McQuillin,smcquillin8o@bbb.org,735-76-0158
Conchita,Kubista,ckubista8p@gizmodo.com,171-15-7898
Devlin,Lunam,dlunam8q@nhs.uk,312-84-1519
Dugald,Pere,dpere8r@buzzfeed.com,518-88-2166
Brynne,Deakes,bdeakes8s@cbsnews.com,689-24-9039
Ammamaria,Biesty,abiesty8t@1und1.de,336-44-5630
Denys,Stranks,dstranks8u@wordpress.com,431-64-4993
Jena,O'Kynsillaghe,jokynsillaghe8v@wikipedia.org,898-18-6047
Ariadne,Hindmoor,ahindmoor8w@devhub.com,553-27-3580
Irwinn,Hatherley,ihatherley8x@wikipedia.org,166-27-7217
Cleo,Doddemeede,cdoddemeede8y@sciencedaily.com,354-56-5804
Casie,Plumridge,cplumridge8z@wikipedia.org,231-43-4510
Gordon,Bosket,gbosket90@nbcnews.com,428-85-6389
Marysa,Shwenn,mshwenn91@dailymail.co.uk,338-57-1564
Callida,Vynehall,cvynehall92@xinhuanet.com,488-08-9905
Collin,Abbitt,cabbitt93@de.vu,823-93-7979
Thom,Rein,trein94@ca.gov,370-29-2227
Joannes,Fawthrop,jfawthrop95@economist.com,629-71-9521
Uri,Fyndon,ufyndon96@patch.com,805-02-0095
Aloysia,Pagon,apagon97@indiegogo.com,172-47-4090
Georgetta,Dugget,gdugget98@ibm.com,147-48-3078
Sukey,Anlay,sanlay99@webs.com,694-04-3760
Gillian,Draxford,gdraxford9a@sina.com.cn,114-03-1863
Oralla,Pietrzak,opietrzak9b@fc2.com,504-69-4908
Rasla,Kilduff,rkilduff9c@engadget.com,829-51-1459
Kassey,O'Dooghaine,kodooghaine9d@feedburner.com,422-27-3145
Trixy,Cayzer,tcayzer9e@blog.com,741-37-7300
Sofie,Logsdale,slogsdale9f@toplist.cz,158-44-4484
Royall,Cliburn,rcliburn9g@businessweek.com,220-92-4095
Maribeth,Lampart,mlampart9h@example.com,398-79-5245
Ari,Gagie,agagie9i@cmu.edu,183-42-9529
Kissiah,Walas,kwalas9j@weebly.com,708-91-9303
Tobi,Strelitz,tstrelitz9k@sohu.com,534-90-8541
Christin,Brunsen,cbrunsen9l@ezinearticles.com,849-18-0447
Shepherd,Rodbourne,srodbourne9m@wordpress.com,628-95-6019
Janna,Le feaver,jlefeaver9n@furl.net,668-10-5576
Hollie,Willett,hwillett9o@whitehouse.gov,302-68-9953
Fin,Guilder,fguilder9p@pcworld.com,390-02-1501
Torrance,Elleyne,telleyne9q@naver.com,183-84-1500
Nichole,Conlon,nconlon9r@google.co.uk,721-66-2261
Huntley,Ginnane,hginnane9s@imageshack.us,110-71-0932
Quinn,Monery,qmonery9t@moonfruit.com,164-45-8519
Leslie,Duffield,lduffield9u@amazon.com,670-73-8086
Silvia,Hedgeman,shedgeman9v@yahoo.com,206-72-2255
Cherri,Ridesdale,cridesdale9w@php.net,811-62-0578
Alleen,Goghin,agoghin9x@ebay.co.uk,491-70-2386
Early,Domingues,edomingues9y@wordpress.org,208-34-1705
Tedda,Powderham,tpowderham9z@aboutads.info,571-95-2368
Muriel,Surfleet,msurfleeta0@ebay.com,854-30-7884
Hesther,Laity,hlaitya1@github.com,721-64-4029
Junia,Thumann,jthumanna2@wufoo.com,186-97-3784
Reta,Greenroa,rgreenroaa3@un.org,896-95-5462
Sarette,Audus,saudusa4@ustream.tv,575-60-4417
Kippy,Lindenberg,klindenberga5@hao123.com,598-84-8215
Efren,Baunton,ebauntona6@cbslocal.com,883-81-7071
Tadeo,Julian,tjuliana7@ft.com,653-24-7794
Con,Karleman,ckarlemana8@harvard.edu,262-84-2326
Oren,Gadeaux,ogadeauxa9@admin.ch,702-51-6823
Arlyn,Bentjens,abentjensaa@rakuten.co.jp,628-03-3746
Ruby,Sutherns,rsuthernsab@woothemes.com,683-47-9497
Irwinn,Rhelton,irheltonac@feedburner.com,140-60-6359
Care,Reuven,creuvenad@ted.com,255-12-6874
Erina,Thickens,ethickensae@biblegateway.com,106-87-8766
Dynah,Fominov,dfominovaf@uiuc.edu,386-57-5632
Jacky,Pantecost,jpantecostag@rambler.ru,146-71-6675
Tulley,Ridgway,tridgwayah@tmall.com,316-30-4352
Crin,Scone,csconeai@devhub.com,280-42-9903
Augustine,Cossins,acossinsaj@examiner.com,601-66-1766
Mari,Tickel,mtickelak@washington.edu,849-16-8331
Pippy,Beament,pbeamental@wp.com,271-90-8259
Robby,Aslett,raslettam@bloglovin.com,257-16-1857
Bruce,Schimann,bschimannan@miitbeian.gov.cn,271-76-2919
Cissy,Duker,cdukerao@goo.gl,502-53-9279
Lee,Hubbuck,lhubbuckap@slashdot.org,347-05-0859
Maryanne,Pinshon,mpinshonaq@ask.com,310-07-0690
Kane,Roony,kroonyar@deviantart.com,286-78-2481
Berthe,Marchington,bmarchingtonas@gnu.org,128-49-7639
Gregorius,Purrier,gpurrierat@gnu.org,626-39-7776
Cordie,Bedlington,cbedlingtonau@blogger.com,828-02-4178
Dore,Saull,dsaullav@hexun.com,144-58-2543
Hasheem,Marquese,hmarqueseaw@unblog.fr,807-46-2268
Lazarus,Poveleye,lpoveleyeax@jalbum.net,653-63-4128
Gunther,Goodie,ggoodieay@t.co,111-28-6391
Gennifer,Bann,gbannaz@ox.ac.uk,631-30-5383
Reinaldo,Whistlecroft,rwhistlecroftb0@bloglines.com,675-27-1850
Imojean,Maddaford,imaddafordb1@mayoclinic.com,813-81-5757
Tallou,Kiln,tkilnb2@berkeley.edu,726-61-7509
Roch,Blankman,rblankmanb3@icio.us,370-26-8859
Marleen,Gayther,mgaytherb4@microsoft.com,130-02-9858
Natty,Marriott,nmarriottb5@bizjournals.com,870-05-1927
Teddie,Bosence,tbosenceb6@cloudflare.com,452-61-0100
Barbara,Prati,bpratib7@dagondesign.com,313-26-3913
Nisse,Pevsner,npevsnerb8@devhub.com,392-13-0045
Lynne,Hassewell,lhassewellb9@livejournal.com,305-74-5478
Dyane,Kirkebye,dkirkebyeba@desdev.cn,292-80-3868
Patsy,Christopherson,pchristophersonbb@pinterest.com,549-72-7762
Dallis,Stainburn,dstainburnbc@pinterest.com,687-22-2628
Cissy,Downer,cdownerbd@phpbb.com,404-89-8954
Culver,Swetman,cswetmanbe@soup.io,105-77-0511
Grange,Coaster,gcoasterbf@dropbox.com,183-01-0795
Corbin,McGillecole,cmcgillecolebg@pinterest.com,375-94-6462
Miriam,Beare,mbearebh@amazonaws.com,444-60-5282
Martie,Corbie,mcorbiebi@biblegateway.com,705-59-0638
Brewster,Kybbye,bkybbyebj@ft.com,487-92-4179
Boycey,Spittal,bspittalbk@goo.ne.jp,459-39-6588
Cher,Messitt,cmessittbl@umn.edu,219-08-6113
Griffith,Eginton,gegintonbm@bbc.co.uk,890-76-6735
Garrard,Keane,gkeanebn@gizmodo.com,118-66-1286
Pattie,O'Duane,poduanebo@pen.io,800-15-5655
Karlan,Humbert,khumbertbp@cornell.edu,133-44-1444
Anson,Jugging,ajuggingbq@cam.ac.uk,457-39-1909
Miltie,Obin,mobinbr@shinystat.com,419-81-5986
Taylor,Gives,tgivesbs@ameblo.jp,105-16-9680
Annabella,McPartlin,amcpartlinbt@blog.com,780-59-1017
Euell,Duesbury,eduesburybu@intel.com,302-64-3100
Ainsley,Pervoe,apervoebv@bbc.co.uk,778-50-0307
Finn,McGinty,fmcgintybw@histats.com,231-86-6641
Malchy,Vondrys,mvondrysbx@chicagotribune.com,695-62-4819
Halsy,McComb,hmccombby@wordpress.com,545-69-3962
Sadella,Ekins,sekinsbz@google.de,425-97-6677
Peta,Colqueran,pcolqueranc0@nbcnews.com,614-89-4876
Rene,Piscopo,rpiscopoc1@noaa.gov,861-47-4593
Ivy,Grogor,igrogorc2@163.com,371-96-6081
Krysta,Rickard,krickardc3@wufoo.com,607-65-7515
Alikee,Melmoth,amelmothc4@bloglovin.com,871-40-5319
Mirabella,Nemchinov,mnemchinovc5@wikia.com,313-13-9558
Roselin,Digance,rdigancec6@nsw.gov.au,308-97-6818
Hermon,Sooley,hsooleyc7@ovh.net,785-13-7191
Lindsay,Capell,lcapellc8@list-manage.com,523-90-6410
Dael,Filipczynski,dfilipczynskic9@wikia.com,795-66-3319
Jewell,Bleibaum,jbleibaumca@ameblo.jp,891-54-8583
Fitz,Creboe,fcreboecb@i2i.jp,273-94-7648
Gertrudis,Ainslee,gainsleecc@businesswire.com,335-79-2702
Vilma,Castro,vcastrocd@shop-pro.jp,195-62-0375
Aundrea,Binnes,abinnesce@booking.com,838-08-8450
Catherine,Dukelow,cdukelowcf@china.com.cn,497-08-7212
Ezra,Volkes,evolkescg@omniture.com,196-18-6527
Elizabeth,Hagstone,ehagstonech@statcounter.com,130-65-7838
Tarra,Lettsom,tlettsomci@businessinsider.com,847-88-5967
Hilary,Philler,hphillercj@wp.com,189-05-8133
Patrizius,McNelly,pmcnellyck@nba.com,475-68-5512
Korrie,Sille,ksillecl@google.it,533-87-5458
Alikee,Pilsworth,apilsworthcm@elpais.com,825-24-4919
Nannie,Julian,njuliancn@fotki.com,484-91-1576
Lammond,Zorn,lzornco@japanpost.jp,654-79-8734
Donni,Grece,dgrececp@yellowbook.com,575-12-2071
Gertrude,Hargraves,ghargravescq@springer.com,241-05-2650
Odelia,Smeed,osmeedcr@biblegateway.com,159-46-2817
Darcee,Eldershaw,deldershawcs@dot.gov,189-08-8236
Torr,Bridgnell,tbridgnellct@opera.com,339-57-7607
Neron,Caustick,ncaustickcu@cmu.edu,586-80-5903
Kissiah,Jardein,kjardeincv@amazon.com,457-96-4463
Arlyn,Sangwine,asangwinecw@businesswire.com,389-41-0256
Herold,Djurdjevic,hdjurdjeviccx@skype.com,578-49-6680
Katharina,Moine,kmoinecy@amazon.co.uk,724-08-4924
Paulette,Ghilks,pghilkscz@ucoz.ru,731-97-6169
Sean,Formby,sformbyd0@diigo.com,218-49-7698
Hartley,Gabbatt,hgabbattd1@eventbrite.com,488-91-6713
Fanya,Westell,fwestelld2@unicef.org,775-36-8668
Barty,Busswell,bbusswelld3@google.pl,860-46-1840
Aileen,Luckhurst,aluckhurstd4@stumbleupon.com,630-84-2551
Sascha,Allgood,sallgoodd5@youtube.com,342-25-1406
Bibbie,Keaton,bkeatond6@boston.com,214-93-3570
Viviana,Longmead,vlongmeadd7@blog.com,789-65-5475
Rabbi,Allabarton,rallabartond8@istockphoto.com,797-03-2572
Helena,MacNeil,hmacneild9@hatena.ne.jp,663-72-0397
Skipper,Pech,spechda@princeton.edu,515-54-4449
Cesare,Alfonsetti,calfonsettidb@gov.uk,114-86-0178
Terry,Brewer,tbrewerdc@jugem.jp,358-31-6946
Rozella,Sommerlie,rsommerliedd@tiny.cc,852-08-2636
Bernice,Jorge,bjorgede@twitter.com,676-48-3603
Fayth,Abdey,fabdeydf@nytimes.com,795-52-7232
Roarke,Shear,rsheardg@reuters.com,272-95-8235
Fara,Cansdall,fcansdalldh@parallels.com,199-88-9278
Rhiamon,Hender,rhenderdi@nba.com,677-99-6051
Donnamarie,Caswill,dcaswilldj@princeton.edu,174-62-8567
Zebulon,Boyles,zboylesdk@opera.com,823-56-8112
Isidora,Coultard,icoultarddl@psu.edu,429-52-1388
Dorolisa,Gindghill,dgindghilldm@aboutads.info,266-19-1367
Andee,Pickthorne,apickthornedn@blogger.com,520-95-7780
Mary,Gibbie,mgibbiedo@salon.com,121-26-2328
Pincas,Molesworth,pmolesworthdp@java.com,610-07-6066
Huey,Masden,hmasdendq@eepurl.com,366-96-8015
Gerladina,Skehens,gskehensdr@patch.com,552-74-5335
Marlene,Basezzi,mbasezzids@amazon.co.uk,508-37-3467
Barbara-anne,Findlater,bfindlaterdt@zimbio.com,201-42-1690
Sonya,Stitch,sstitchdu@purevolume.com,273-43-4035
Hagan,Mordy,hmordydv@people.com.cn,822-98-3838
Karola,Kimber,kkimberdw@mac.com,152-10-9374
Konstanze,Grimsditch,kgrimsditchdx@rediff.com,591-67-6872
Florina,Alven,falvendy@dailymail.co.uk,208-70-1679
Sharon,Snare,ssnaredz@fotki.com,560-19-0346
Dena,Duncanson,dduncansone0@behance.net,357-36-0405
Decca,O'Kane,dokanee1@discuz.net,602-33-0623
Cacilia,MacCumeskey,cmaccumeskeye2@nps.gov,176-83-8774
Bridget,Fraczkiewicz,bfraczkiewicze3@biglobe.ne.jp,643-19-7160
Rustie,Wynes,rwynese4@gov.uk,518-81-9393
Jonell,Cole,jcolee5@canalblog.com,556-61-7044
Gard,Leith,gleithe6@elegantthemes.com,747-47-0032
Lorraine,Adamini,ladaminie7@npr.org,642-67-6755
Andriana,Eadmeads,aeadmeadse8@blogger.com,134-74-9928
Keven,Parell,kparelle9@friendfeed.com,879-15-8582
Anabella,Batkin,abatkinea@independent.co.uk,784-22-3888
Saba,Talton,staltoneb@loc.gov,285-80-6764
Ashien,Handsheart,ahandsheartec@mozilla.org,162-91-3920
Franni,Asprey,faspreyed@furl.net,507-82-2255
Janot,Hawyes,jhawyesee@hp.com,817-46-3867
Bonny,Sword,bswordef@surveymonkey.com,324-36-7745
Dode,Deschlein,ddeschleineg@google.com.hk,638-47-1934
Alyosha,MacLaverty,amaclavertyeh@epa.gov,572-16-2700
Maggie,Ferfulle,mferfulleei@usa.gov,867-58-8031
Rozanna,Soans,rsoansej@boston.com,670-99-4015
Brocky,Wareing,bwareingek@eventbrite.com,432-73-6368
Taffy,Sainter,tsainterel@wunderground.com,744-44-3374
Theodor,Pittam,tpittamem@psu.edu,174-03-3956
Willy,McCathy,wmccathyen@smh.com.au,332-15-1676
Ricca,Williment,rwillimenteo@nhs.uk,590-26-9986
Vasilis,Binford,vbinfordep@earthlink.net,871-09-7832
Michal,Bodemeaid,mbodemeaideq@unc.edu,404-59-5611
Andi,Heaker,aheakerer@tuttocitta.it,198-91-5632
Quinn,McInally,qmcinallyes@yale.edu,699-97-9719
Alessandro,Kamall,akamallet@bloglovin.com,627-91-6188
Noble,Gourlay,ngourlayeu@slate.com,207-51-6058
Cherey,Simic,csimicev@naver.com,836-53-5793
Terri,Callf,tcallfew@hc360.com,445-93-5111
Obie,Skelhorn,oskelhornex@constantcontact.com,657-95-4257
Erda,Genny,egennyey@samsung.com,693-09-6039
Wynny,Poate,wpoateez@zdnet.com,752-43-9355
Clarke,Skuce,cskucef0@quantcast.com,443-54-2135
Eliza,Hammer,ehammerf1@ted.com,409-80-2525
Caty,Terzo,cterzof2@wix.com,140-82-6164
Eliza,Delia,edeliaf3@indiegogo.com,546-09-6712
Tybalt,Bentinck,tbentinckf4@skype.com,759-48-3726
Saleem,Holtom,sholtomf5@i2i.jp,484-71-3656
Darb,Spencers,dspencersf6@cam.ac.uk,387-79-9812
Seumas,Awmack,sawmackf7@clickbank.net,679-07-6525
Alice,Mc Combe,amccombef8@google.ca,553-07-7131
Vanessa,Cuffin,vcuffinf9@latimes.com,638-71-2867
Dex,Gyurko,dgyurkofa@businessweek.com,481-35-7268
Antonietta,Kindell,akindellfb@twitpic.com,855-83-2408
Jean,Postans,jpostansfc@tripod.com,575-20-6794
Michelina,Ronisch,mronischfd@amazon.co.uk,862-39-1134
Cori,Killcross,ckillcrossfe@google.cn,704-79-1385
Tina,Cardenas,tcardenasff@behance.net,656-53-7239
Enid,Gregor,egregorfg@cdbaby.com,558-10-5939
Myrlene,Sigmund,msigmundfh@cbsnews.com,113-89-5943
Cecile,O'Lennane,colennanefi@trellian.com,506-77-7543
Janos,Dunbleton,jdunbletonfj@goodreads.com,702-09-2073
Jordan,Derr,jderrfk@webmd.com,809-08-2286
Lesya,Pinder,lpinderfl@hubpages.com,381-69-3768
Maynord,Measor,mmeasorfm@liveinternet.ru,816-53-7037
Tarra,Babon,tbabonfn@howstuffworks.com,882-31-7358
Trent,Swanson,tswansonfo@tuttocitta.it,672-06-5816
Sheri,Brotherton,sbrothertonfp@google.co.uk,616-43-1751
Danyelle,Taw,dtawfq@yellowpages.com,807-85-8577
Isidore,Brumby,ibrumbyfr@elegantthemes.com,778-37-8474
Yulma,Raycroft,yraycroftfs@cocolog-nifty.com,209-87-8894
Hatti,Vasyutkin,hvasyutkinft@rakuten.co.jp,811-52-9372
See,Antosch,santoschfu@ameblo.jp,307-14-0661
Elvera,Zettler,ezettlerfv@pbs.org,342-71-2470
Weidar,Sandford,wsandfordfw@mail.ru,263-11-2737
Iorgos,Sexti,isextifx@slashdot.org,429-11-9591
Christye,Chiommienti,cchiommientify@marketwatch.com,676-56-0871
Callie,Crosser,ccrosserfz@businessweek.com,787-51-1707
Augustine,Horsfield,ahorsfieldg0@infoseek.co.jp,437-81-4438
Carl,Filinkov,cfilinkovg1@elpais.com,239-70-2405
Karim,Beardsworth,kbeardsworthg2@acquirethisname.com,719-91-5438
Tadd,Jacobs,tjacobsg3@omniture.com,476-15-1632
Clovis,Faraday,cfaradayg4@unesco.org,557-36-9621
Sol,Ellingsworth,sellingsworthg5@webs.com,627-54-0262
Stefania,Dadd,sdaddg6@webeden.co.uk,505-45-6976
Hazel,Fontenot,hfontenotg7@ucoz.ru,622-64-2356
Diann,Coddington,dcoddingtong8@archive.org,534-37-4177
Abran,Borrill,aborrillg9@reverbnation.com,464-65-2750
Emylee,Arkin,earkinga@ted.com,663-22-3766
Anderson,Folkerd,afolkerdgb@psu.edu,442-14-0162
Nelle,Varvara,nvarvaragc@umich.edu,125-02-3603
Jethro,Lanmeid,jlanmeidgd@sakura.ne.jp,449-29-4919
Jamima,Colloff,jcolloffge@shareasale.com,449-51-6606
Lawton,Burhill,lburhillgf@mit.edu,770-20-0807
Maria,Slogrove,mslogrovegg@cyberchimps.com,496-49-4433
Nappy,Corgenvin,ncorgenvingh@zimbio.com,493-29-7635
Cynthie,Terrell,cterrellgi@taobao.com,642-80-9479
Nesta,Jaouen,njaouengj@wikispaces.com,383-84-4429
Evaleen,Espie,eespiegk@fema.gov,165-19-0154
Leisha,Marvelley,lmarvelleygl@slashdot.org,606-59-6036
Gaylord,McAne,gmcanegm@shop-pro.jp,127-74-9244
Filippo,Crosson,fcrossongn@ezinearticles.com,539-20-7702
Rois,Dehm,rdehmgo@bluehost.com,618-14-8967
Shadow,Blackburne,sblackburnegp@ning.com,118-66-8797
Garner,Lergan,glergangq@list-manage.com,737-62-0308
Karola,Dalrymple,kdalrymplegr@engadget.com,311-97-3880
Roxy,Hedman,rhedmangs@buzzfeed.com,100-26-2587
Ax,Aronowitz,aaronowitzgt@blinklist.com,214-73-5337
Jillane,Cruwys,jcruwysgu@epa.gov,245-02-0964
Jacquette,Behling,jbehlinggv@dailymail.co.uk,121-95-2132
Lonna,MacIlraith,lmacilraithgw@chronoengine.com,449-83-8645
Brock,Careless,bcarelessgx@php.net,647-15-3616
Diahann,Ruane,druanegy@disqus.com,542-02-5922
Arlene,Scantleberry,ascantleberrygz@freewebs.com,106-48-2465
Lorene,Lauret,llaureth0@github.com,834-28-5329
Kurtis,Ogilvie,kogilvieh1@mail.ru,126-82-5671
Rochell,O'Doran,rodoranh2@yellowpages.com,106-58-1106
Claire,Szimoni,cszimonih3@admin.ch,872-90-5592
Reese,Judge,rjudgeh4@people.com.cn,107-41-0490
Dionysus,Laimable,dlaimableh5@nytimes.com,541-76-2543
Ewell,Goadsby,egoadsbyh6@people.com.cn,877-71-5053
Jobey,Andryszczak,jandryszczakh7@google.co.uk,140-73-0960
Thorstein,Havercroft,thavercrofth8@columbia.edu,647-46-3538
Salli,Truitt,struitth9@behance.net,248-42-0084
Nickey,Blackwood,nblackwoodha@java.com,875-36-4329
Bendite,Richford,brichfordhb@macromedia.com,469-57-9176
Kassey,Botten,kbottenhc@opera.com,657-73-9864
Isak,Candelin,icandelinhd@gmpg.org,819-23-0636
Jeffrey,Kobierski,jkobierskihe@geocities.jp,330-23-1293
Analiese,Dadswell,adadswellhf@abc.net.au,794-57-3364
Lia,Bourrel,lbourrelhg@ocn.ne.jp,503-66-7957
Amalee,MacNair,amacnairhh@multiply.com,671-85-1310
Nonnah,Phillis,nphillishi@xinhuanet.com,702-78-7973
Dalenna,Rowth,drowthhj@latimes.com,613-14-4148
Aldin,Willetts,awillettshk@mlb.com,667-76-2039
Viviyan,Brahm,vbrahmhl@list-manage.com,286-29-8870
Ardyth,Rentoul,arentoulhm@freewebs.com,166-79-2977
Neille,Wetheril,nwetherilhn@devhub.com,517-66-7006
Carlen,Barley,cbarleyho@house.gov,111-60-0973
Dwight,Aikett,daiketthp@sina.com.cn,279-13-4720
Lindsey,Dearnaley,ldearnaleyhq@ameblo.jp,268-65-1478
Vlad,Diwell,vdiwellhr@wired.com,894-49-7275
Richmound,Avrahamov,ravrahamovhs@ihg.com,318-99-1139
Tobit,Birrel,tbirrelht@arstechnica.com,653-70-2817
Aryn,Djokovic,adjokovichu@cam.ac.uk,867-55-9005
Rita,Fierro,rfierrohv@soundcloud.com,817-22-5219
Giffer,Frodsham,gfrodshamhw@time.com,479-50-0287
Benedicto,Creboe,bcreboehx@columbia.edu,676-74-5681
Amanda,Gillean,agilleanhy@myspace.com,737-60-1098
Angy,Baudoux,abaudouxhz@indiegogo.com,581-12-2083
Katya,Minithorpe,kminithorpei0@chron.com,895-31-1146
Sunny,Karczinski,skarczinskii1@geocities.jp,333-50-6134
Joete,Denisovich,jdenisovichi2@washington.edu,819-19-3417
Waite,Saunderson,wsaundersoni3@ow.ly,222-67-1550
Chilton,Cassimer,ccassimeri4@wikispaces.com,429-11-4051
Giana,Shimony,gshimonyi5@wix.com,199-87-5166
Nathan,MacAughtrie,nmacaughtriei6@surveymonkey.com,196-01-4454
Von,Brenston,vbrenstoni7@arstechnica.com,112-78-8259
Nicol,Middiff,nmiddiffi8@businessinsider.com,763-18-9310
Yolande,Malkinson,ymalkinsoni9@blog.com,332-55-3236
Randolph,Boni,rboniia@soup.io,199-82-0370
Claudelle,Sang,csangib@dailymotion.com,685-29-5092
Tana,Hemphrey,themphreyic@businessinsider.com,160-46-2273
Adler,Sultana,asultanaid@utexas.edu,299-08-0154
Kristian,Rowntree,krowntreeie@google.com.au,790-34-2152
Marwin,O'Cannavan,mocannavanif@cdbaby.com,195-68-0994
Lanita,Forgan,lforganig@sciencedirect.com,188-37-7416
Rosalinda,Blackstock,rblackstockih@altervista.org,605-65-3610
Gabriel,Leber,gleberii@rambler.ru,798-27-0369
Cecilla,Gilyott,cgilyottij@ask.com,824-60-7798
Jandy,Furst,jfurstik@topsy.com,236-08-5673
Brockie,Winterbotham,bwinterbothamil@businessinsider.com,785-89-0439
Starr,Spear,sspearim@blog.com,214-84-6358
Arnold,Perello,aperelloin@yandex.ru,232-60-6933
Ly,Smidmor,lsmidmorio@issuu.com,445-32-3074
Britt,Kenyam,bkenyamip@bizjournals.com,735-83-5557
Karleen,Cabera,kcaberaiq@mozilla.com,728-04-0944
Zorah,Jakobssen,zjakobssenir@sogou.com,387-95-0353
Ianthe,O'Hear,iohearis@vimeo.com,264-06-7399
Vi,Brosh,vbroshit@mapy.cz,244-82-9047
Inigo,Binney,ibinneyiu@wsj.com,367-65-4838
Christos,Strowlger,cstrowlgeriv@soup.io,455-03-7925
Tommy,Denisevich,tdenisevichiw@addthis.com,880-92-7295
Emlynne,Strutz,estrutzix@bloglovin.com,400-88-6235
Shelden,Loughrey,sloughreyiy@phpbb.com,448-27-1742
Killian,Towsey,ktowseyiz@netlog.com,794-26-6564
Isak,Keeping,ikeepingj0@slashdot.org,812-56-7557
Charity,Barford,cbarfordj1@jimdo.com,577-22-7803
Arvy,Stolberger,astolbergerj2@biglobe.ne.jp,622-27-9546
Shellie,Want,swantj3@businessweek.com,662-46-1345
Tallou,Greatorex,tgreatorexj4@hp.com,510-42-2932
Terri-jo,O'Heneghan,toheneghanj5@slate.com,591-67-4250
Gunar,Dulany,gdulanyj6@jimdo.com,351-94-7395
Garrott,Studholme,gstudholmej7@plala.or.jp,581-52-8247
Giles,Deeney,gdeeneyj8@goodreads.com,441-83-8741
Elsy,Beavington,ebeavingtonj9@blogtalkradio.com,297-16-0066
Debi,Causey,dcauseyja@ucsd.edu,721-16-7317
Jo-ann,Jankin,jjankinjb@hubpages.com,215-72-8676
Madalena,Swiffin,mswiffinjc@skyrock.com,263-65-2877
Winny,Whapple,wwhapplejd@networksolutions.com,486-25-9829
Lisbeth,Dumbelton,ldumbeltonje@gizmodo.com,387-96-1019
Rowe,Bater,rbaterjf@posterous.com,201-76-3530
Letizia,Garmons,lgarmonsjg@constantcontact.com,102-60-5450
Kerrill,Churchin,kchurchinjh@wisc.edu,163-15-7394
Davon,Roelvink,droelvinkji@google.it,450-25-2198
Jervis,Degoix,jdegoixjj@nyu.edu,299-20-0221
Frans,Delea,fdeleajk@yellowbook.com,881-12-3565
Paule,McLeoid,pmcleoidjl@squidoo.com,346-12-7061
Alis,Spiers,aspiersjm@usgs.gov,567-13-5532
Henrietta,Nerney,hnerneyjn@japanpost.jp,654-84-8351
Melloney,McGraw,mmcgrawjo@hp.com,606-64-6020
Tessie,Radbourne,tradbournejp@hhs.gov,574-07-7809
Wyatt,Aldous,waldousjq@europa.eu,319-02-6687
Hollie,Malletratt,hmalletrattjr@tuttocitta.it,674-12-2163
Matthus,Witherbed,mwitherbedjs@bravesites.com,428-01-7514
Milton,Walster,mwalsterjt@ucsd.edu,684-36-1237
Giordano,Wrigglesworth,gwrigglesworthju@boston.com,608-51-6597
Rebbecca,Hanselmann,rhanselmannjv@sciencedaily.com,742-35-5976
Valida,Marcone,vmarconejw@youtu.be,237-82-7747
Damita,Schwanden,dschwandenjx@booking.com,679-89-7193
Linell,Kneaphsey,lkneaphseyjy@elpais.com,745-17-7144
Ruby,Donnan,rdonnanjz@seattletimes.com,247-29-1988
Goddard,Hackney,ghackneyk0@archive.org,753-85-1008
Kort,Santori,ksantorik1@gmpg.org,874-02-9099
Marlee,Scarrott,mscarrottk2@1688.com,273-23-9123
Shelley,Chicchelli,schicchellik3@google.ru,122-30-3017
Corrie,Castagnier,ccastagnierk4@google.ca,131-11-5058
Arabella,McGinnis,amcginnisk5@japanpost.jp,633-76-2717
Wilden,Benedick,wbenedickk6@amazon.co.jp,783-49-9056
Julie,Bane,jbanek7@google.cn,590-09-4159
Renado,Goodliff,rgoodliffk8@ucoz.ru,127-55-9598
Berti,McSkeagan,bmcskeagank9@digg.com,710-48-4363
Corinne,Mager,cmagerka@engadget.com,355-11-7630
Florenza,Hyndley,fhyndleykb@wufoo.com,357-52-9520
Hernando,Veart,hveartkc@topsy.com,149-10-6594
Fraze,Roussell,froussellkd@freewebs.com,232-81-3843
Holmes,Jakucewicz,hjakucewiczke@bing.com,486-41-8346
Iggie,Salery,isalerykf@shutterfly.com,614-38-8197
Pepillo,McNerlin,pmcnerlinkg@samsung.com,205-97-7304
Nan,Keers,nkeerskh@shareasale.com,121-96-1525
Lenka,Wellbelove,lwellbeloveki@patch.com,456-19-3123
Jock,Beasley,jbeasleykj@amazonaws.com,541-18-5756
Kenny,Turner,kturnerkk@g.co,733-47-5626
Frasquito,Jatczak,fjatczakkl@blogspot.com,670-10-8414
Oralla,Huckerby,ohuckerbykm@reverbnation.com,427-61-2575
Levin,Shannon,lshannonkn@loc.gov,528-50-2036
Jaime,Lorentz,jlorentzko@privacy.gov.au,579-31-4989
Malorie,Donnel,mdonnelkp@sohu.com,305-09-9101
Lynette,Arundale,larundalekq@howstuffworks.com,776-04-0267
Keeley,Backshill,kbackshillkr@bigcartel.com,328-06-3861
Malva,Meade,mmeadeks@addtoany.com,303-55-2415
Roderich,Bednall,rbednallkt@pbs.org,820-24-1275
Clovis,Milner,cmilnerku@sohu.com,820-59-4882
Bendite,Anders,banderskv@auda.org.au,581-72-3200
Boniface,Chattaway,bchattawaykw@senate.gov,657-39-8374
Ivie,Cowern,icowernkx@hatena.ne.jp,145-13-8418
Lora,Arnaudi,larnaudiky@hubpages.com,433-11-0367
Adolf,Phair,aphairkz@pagesperso-orange.fr,793-58-1020
Lyn,Relf,lrelfl0@naver.com,896-62-4845
Jaquith,Handrek,jhandrekl1@reference.com,577-77-7108
Peggy,Pesticcio,ppesticciol2@devhub.com,492-45-8284
Clywd,Verdon,cverdonl3@livejournal.com,333-89-8235
Frasco,Maffin,fmaffinl4@microsoft.com,189-38-2797
Marcy,Ondracek,mondracekl5@reference.com,254-41-1399
Leanor,Francescoccio,lfrancescocciol6@biblegateway.com,620-91-7374
Rabbi,Hindrick,rhindrickl7@ucsd.edu,591-39-4029
Raffarty,Deesly,rdeeslyl8@tmall.com,441-35-7161
Karna,Kubyszek,kkubyszekl9@gnu.org,789-29-3271
Eleanore,Yeiles,eyeilesla@quantcast.com,453-13-7777
Alvis,Marns,amarnslb@mapy.cz,799-94-8381
Berty,Orrett,borrettlc@creativecommons.org,370-46-4221
Bessy,Wheatland,bwheatlandld@istockphoto.com,346-23-3678
Dennet,Lyttle,dlyttlele@joomla.org,677-39-9701
Tommy,Southan,tsouthanlf@theglobeandmail.com,400-58-7434
Eddy,Atlay,eatlaylg@ucla.edu,552-43-9372
Sheelagh,Scones,ssconeslh@gravatar.com,685-98-5440
Cullin,Bayford,cbayfordli@geocities.jp,190-22-2607
Humbert,Lusgdin,hlusgdinlj@google.de,156-49-9060
Lance,Wellan,lwellanlk@theglobeandmail.com,280-51-2977
Farica,Stife,fstifell@lulu.com,107-52-3038
Breena,Di Napoli,bdinapolilm@de.vu,636-46-0476
Teriann,Pleven,tplevenln@state.tx.us,789-34-4282
Booth,Juszczak,bjuszczaklo@google.com,296-49-2912
Inna,Balsellie,ibalsellielp@dailymail.co.uk,291-38-8189
Shurlocke,Kubala,skubalalq@mozilla.com,898-73-7941
Mayne,Ovize,movizelr@globo.com,595-98-4722
Merl,Crichton,mcrichtonls@liveinternet.ru,147-09-9953
Laverne,Alennikov,lalennikovlt@foxnews.com,372-66-8219
Conn,Sibbs,csibbslu@jimdo.com,328-93-8489
Marylee,Loveitt,mloveittlv@github.io,403-40-8046
Dill,Harrison,dharrisonlw@youtu.be,505-28-2071
Orion,Wonham,owonhamlx@blogspot.com,501-49-5683
Patti,Shewry,pshewryly@amazon.com,787-50-7702
Roxy,Wellbeloved,rwellbelovedlz@slashdot.org,146-47-0837
Ariel,de Amaya,adeamayam0@cornell.edu,249-51-3051
Ludvig,McMakin,lmcmakinm1@google.it,584-41-7410
Laetitia,Ajean,lajeanm2@sun.com,220-10-2995
Aigneis,Shawyers,ashawyersm3@ftc.gov,835-53-9745
Kelli,Guillond,kguillondm4@omniture.com,412-04-8177
Vivian,Osinin,vosininm5@sakura.ne.jp,710-73-1864
Veronica,Stollenbecker,vstollenbeckerm6@etsy.com,808-91-7313
Ardys,Labrom,alabromm7@google.de,885-71-1585
Cassandry,Starmer,cstarmerm8@4shared.com,196-32-0664
Lanny,Marusic,lmarusicm9@telegraph.co.uk,631-40-5960
Tonie,Amos,tamosma@netscape.com,779-44-6420
Axel,Pembridge,apembridgemb@illinois.edu,616-39-3216
Jacquenette,Garatty,jgarattymc@gravatar.com,570-10-7480
Chuck,Bril,cbrilmd@icq.com,178-52-3166
Otis,Skoof,oskoofme@wikia.com,770-41-1725
Warner,Habershaw,whabershawmf@state.tx.us,861-19-5064
Denni,Pyott,dpyottmg@jiathis.com,393-70-0893
Vinson,Shannon,vshannonmh@etsy.com,262-76-2279
Genny,Couthard,gcouthardmi@barnesandnoble.com,399-32-6655
Claire,Scotting,cscottingmj@hibu.com,819-12-4199
Consolata,Piper,cpipermk@europa.eu,449-33-1683
Nonie,Flett,nflettml@indiatimes.com,556-22-2185
Charles,Mcsarry,cmcsarrymm@plala.or.jp,627-83-9606
Charmion,Machent,cmachentmn@slate.com,238-12-3103
Fernandina,Callear,fcallearmo@answers.com,232-14-1784
Sib,Beautyman,sbeautymanmp@amazon.com,338-32-4175
Sonnie,Gatteridge,sgatteridgemq@newyorker.com,165-98-3801
Catlee,Barstowk,cbarstowkmr@google.com.br,705-87-4389
Sabra,Pinn,spinnms@forbes.com,812-85-2891
Marnia,Rubinivitz,mrubinivitzmt@gravatar.com,596-91-6946
Simmonds,Massey,smasseymu@1und1.de,780-81-9011
Moll,Currm,mcurrmmv@aboutads.info,134-07-3506
Fernande,Rait,fraitmw@cbsnews.com,434-89-2441
Janela,Perkinson,jperkinsonmx@twitpic.com,495-63-8996
Rozele,Waith,rwaithmy@wiley.com,114-38-2337
Noach,Rushmare,nrushmaremz@issuu.com,763-22-6453
Franchot,Beardow,fbeardown0@wisc.edu,192-89-2200
Lorene,Robbings,lrobbingsn1@aboutads.info,165-71-2132
Sheila-kathryn,Demoge,sdemogen2@mit.edu,569-51-3151
Rania,Westell,rwestelln3@ucsd.edu,789-92-9356
Kelsey,Popland,kpoplandn4@biglobe.ne.jp,524-48-0116
Trevor,Van Merwe,tvanmerwen5@mozilla.com,180-86-3730
Valli,Shear,vshearn6@fotki.com,894-56-4882
Iggie,Baskerville,ibaskervillen7@behance.net,385-95-3842
Indira,Pudan,ipudann8@meetup.com,265-32-9708
Tallou,Normanvill,tnormanvilln9@latimes.com,579-36-1275
Danika,Sawle,dsawlena@facebook.com,448-85-1476
Townsend,McMorran,tmcmorrannb@eepurl.com,816-01-8455
Pierrette,Forcade,pforcadenc@gnu.org,355-35-0074
Ryon,Southorn,rsouthornnd@opera.com,351-45-2365
Easter,Ferreiro,eferreirone@state.tx.us,115-82-5580
Lauren,Hamnett,lhamnettnf@tiny.cc,407-77-9789
Maurita,Eakeley,meakeleyng@theatlantic.com,812-77-3799
Lillis,Reese,lreesenh@nymag.com,773-11-0593
Gael,Presho,gpreshoni@blinklist.com,809-47-0541
Alaster,Syphus,asyphusnj@jugem.jp,804-98-3988
Modesty,Wisniewski,mwisniewskink@yale.edu,442-01-7753
Korney,McConigal,kmcconigalnl@nsw.gov.au,138-83-8826
Tony,Gagan,tgagannm@sitemeter.com,142-21-0884
Albrecht,Nias,aniasnn@thetimes.co.uk,516-75-3874
Dermot,Stickley,dstickleyno@people.com.cn,710-88-8341
Ashby,Fellos,afellosnp@fema.gov,869-85-6786
Meredith,Fruchon,mfruchonnq@biblegateway.com,463-68-4312
Agathe,Dawtrey,adawtreynr@google.es,440-35-5739
Ashli,Grahl,agrahlns@eventbrite.com,593-69-6660
Dolph,Fanshawe,dfanshawent@columbia.edu,445-05-1885
Brittan,Balnave,bbalnavenu@youku.com,294-39-3292
Henrieta,Balden,hbaldennv@ustream.tv,405-12-2223
Harrietta,Elce,helcenw@google.ca,154-29-6801
Phylis,Firman,pfirmannx@networkadvertising.org,858-76-0894
Isadore,Nudds,inuddsny@google.fr,682-70-6007
Lindsay,Kenyon,lkenyonnz@sun.com,488-31-7073
Melamie,Critoph,mcritopho0@upenn.edu,763-43-0772
Nickolas,Girodin,ngirodino1@cargocollective.com,729-72-3684
Phil,Jostan,pjostano2@acquirethisname.com,316-27-1187
Darby,Jukubczak,djukubczako3@photobucket.com,641-34-8368
Minny,Brunn,mbrunno4@privacy.gov.au,501-12-2014
Abbie,Borrott,aborrotto5@engadget.com,841-11-5624
Nels,Humber,nhumbero6@wired.com,598-65-1529
Kelley,Fleote,kfleoteo7@vimeo.com,648-92-2054
Jeannine,Emmanuele,jemmanueleo8@upenn.edu,179-54-8584
Dot,Rosoman,drosomano9@opera.com,713-34-1780
Marissa,Arkil,markiloa@bloglovin.com,717-36-9255
Emmeline,Matsell,ematsellob@nsw.gov.au,621-37-0120
Gilda,Marishenko,gmarishenkooc@theatlantic.com,864-68-1398
Merla,Twopenny,mtwopennyod@nytimes.com,615-17-0631
Ransom,Kingescot,rkingescotoe@sbwire.com,469-18-2082
Em,Snook,esnookof@1688.com,479-16-9434
Bunny,Aylin,baylinog@gravatar.com,134-17-6743
Jackquelin,Weymont,jweymontoh@si.edu,142-44-2944
Jesus,Coldbathe,jcoldbatheoi@buzzfeed.com,586-87-2271
Odell,Possel,oposseloj@state.gov,361-05-3985
Nisse,Eliet,nelietok@home.pl,264-61-2696
Gerrilee,Eskrick,geskrickol@bbb.org,855-62-2784
Hyacinthia,Staynes,hstaynesom@pinterest.com,577-28-0958
Caleb,Kilty,ckiltyon@disqus.com,548-10-8390
Anjela,Linturn,alinturnoo@phoca.cz,364-97-8927
Marti,Kitley,mkitleyop@omniture.com,787-76-4439
Cassy,Schoolcroft,cschoolcroftoq@comcast.net,523-54-5490
Nada,Semble,nsembleor@skyrock.com,184-47-0191
Stuart,Kolin,skolinos@paginegialle.it,149-04-7036
Tisha,Tonkinson,ttonkinsonot@yandex.ru,468-41-0937
Alford,Dilawey,adilaweyou@woothemes.com,309-65-3760
Alfie,Slucock,aslucockov@thetimes.co.uk,713-51-0175
Micheal,Habron,mhabronow@tinypic.com,737-75-7949
Ginni,McKleod,gmckleodox@seesaa.net,285-05-6128
Farley,Skeel,fskeeloy@wordpress.org,874-08-5360
Lizzy,McSaul,lmcsauloz@alexa.com,586-27-7256
Harlie,Rutland,hrutlandp0@yelp.com,810-28-0147
Nicolais,Thirlwall,nthirlwallp1@usnews.com,665-13-0279
Morlee,Crawshaw,mcrawshawp2@oakley.com,753-95-6018
Clem,Phorsby,cphorsbyp3@qq.com,765-69-2482
Mahalia,Godlonton,mgodlontonp4@tumblr.com,541-12-5116
Magda,Lanahan,mlanahanp5@printfriendly.com,888-77-3804
Wilfred,Durgan,wdurganp6@un.org,852-95-2040
Kelbee,Olphert,kolphertp7@newsvine.com,509-16-0630
Shirley,Rablen,srablenp8@is.gd,591-48-4303
Ingmar,Clawson,iclawsonp9@pagesperso-orange.fr,517-63-9874
Chance,McCrorie,cmccroriepa@skype.com,601-57-4171
Damon,O'Cassidy,docassidypb@wikispaces.com,194-02-3658
Piper,Blennerhassett,pblennerhassettpc@wikia.com,589-81-9556
Barry,Picheford,bpichefordpd@blogs.com,371-85-7512
Vincent,Andreia,vandreiape@tinyurl.com,899-86-1400
Lishe,Posnette,lposnettepf@tamu.edu,409-52-3196
Kendrick,Strettle,kstrettlepg@uol.com.br,276-53-1192
Omero,O'Hollegan,ooholleganph@dmoz.org,305-22-0268
Renee,Ashe,rashepi@prnewswire.com,802-78-6360
Alec,Katzmann,akatzmannpj@epa.gov,163-61-2754
Vince,Aspinell,vaspinellpk@deviantart.com,542-44-4984
Leesa,Barme,lbarmepl@wikimedia.org,792-70-4244
Greg,Cleaver,gcleaverpm@indiegogo.com,589-07-6593
Hal,Corryer,hcorryerpn@over-blog.com,126-82-9272
Prisca,Tunbridge,ptunbridgepo@shutterfly.com,548-90-3921
Ralf,Squirrell,rsquirrellpp@imageshack.us,256-50-4645
Ruthie,Kennewell,rkennewellpq@ow.ly,655-42-2926
Ric,Suffield,rsuffieldpr@kickstarter.com,307-36-9617
Nettle,Vasyushkhin,nvasyushkhinps@icq.com,647-72-8958
Chelsae,Sprulls,csprullspt@netlog.com,657-51-8553
Dolly,Mowlam,dmowlampu@answers.com,757-48-2832
Aguistin,Dodsley,adodsleypv@symantec.com,535-16-1711
Katee,Blaw,kblawpw@imdb.com,538-88-5793
Abbey,Bourdel,abourdelpx@hostgator.com,899-19-5498
Anselm,Hacard,ahacardpy@bizjournals.com,815-14-9408
Barthel,Mosson,bmossonpz@theatlantic.com,340-33-2136
Mellicent,Faux,mfauxq0@time.com,113-80-4898
Jsandye,Innocenti,jinnocentiq1@elpais.com,563-29-7554
Kaitlin,Wivell,kwivellq2@globo.com,428-94-2464
Brandon,Stanistreet,bstanistreetq3@redcross.org,642-16-8709
Gianna,Dowson,gdowsonq4@businessinsider.com,179-19-4843
Esdras,Dumbrell,edumbrellq5@fema.gov,119-90-7293
Erie,Schnitter,eschnitterq6@examiner.com,193-17-5862
Chelsy,Dyball,cdyballq7@odnoklassniki.ru,513-42-7489
Shandra,Paik,spaikq8@blogtalkradio.com,361-32-9490
Ashlee,Washtell,awashtellq9@scientificamerican.com,233-54-5040
Catharina,Van Rembrandt,cvanrembrandtqa@usda.gov,544-57-3277
Peria,Pill,ppillqb@imageshack.us,240-98-3180
Vi,Shillito,vshillitoqc@nymag.com,876-25-9363
Rosita,De Angelis,rdeangelisqd@gov.uk,778-28-8621
Doti,Ashton,dashtonqe@zdnet.com,415-27-3205
Wilona,Pull,wpullqf@timesonline.co.uk,557-09-9358
Cori,Townsley,ctownsleyqg@ed.gov,422-62-5316
Yoko,O'Cahsedy,yocahsedyqh@trellian.com,806-32-6653
Dino,Galley,dgalleyqi@gmpg.org,512-51-8559
Martin,Saltsberger,msaltsbergerqj@census.gov,623-39-5517
Cosette,Phinnis,cphinnisqk@g.co,302-76-3173
Lira,Kopmann,lkopmannql@addthis.com,395-62-2939
Isidoro,Allsep,iallsepqm@cmu.edu,393-24-5228
Rhodia,Collum,rcollumqn@hubpages.com,278-59-6738
Archaimbaud,Tutchell,atutchellqo@linkedin.com,870-33-2925
Thatch,Stennings,tstenningsqp@netlog.com,180-11-2196
Violetta,Rounsefull,vrounsefullqq@dot.gov,771-32-1381
Romola,Jorcke,rjorckeqr@boston.com,517-34-4324
Nerti,Kunert,nkunertqs@xrea.com,103-68-9605
Israel,Ziems,iziemsqt@dion.ne.jp,848-65-7043
Dev,Steddall,dsteddallqu@lycos.com,498-50-3514
Kippar,Jonk,kjonkqv@flavors.me,598-82-8304
Devon,Brimblecombe,dbrimblecombeqw@facebook.com,798-61-7705
Bride,Drysdall,bdrysdallqx@ihg.com,552-97-7743
Winslow,Stedmond,wstedmondqy@elegantthemes.com,273-75-1464
Eldredge,Cabel,ecabelqz@stumbleupon.com,305-97-3593
Salli,Quantrell,squantrellr0@amazon.co.uk,276-45-4695
Ramsay,Gamell,rgamellr1@canalblog.com,336-99-8395
Colleen,McCrackem,cmccrackemr2@pbs.org,234-04-1043
Trudie,Bigland,tbiglandr3@flavors.me,396-38-0825
Ron,Bullivent,rbulliventr4@reddit.com,558-62-7268
Raphaela,Extall,rextallr5@ted.com,227-57-6723
Ezechiel,Comins,ecominsr6@elpais.com,893-74-4188
Joete,Hullock,jhullockr7@barnesandnoble.com,437-79-0763
Florette,Patterfield,fpatterfieldr8@time.com,166-80-3020
Dedra,Bage,dbager9@cdc.gov,305-35-1929
Sebastian,Peagrim,speagrimra@ft.com,296-48-8543
Adena,Casetti,acasettirb@weebly.com,341-43-5950
Ronald,Goulbourn,rgoulbournrc@dailymotion.com,787-15-6017
Fannie,Crowter,fcrowterrd@behance.net,263-28-6151
Amalle,Carberry,acarberryre@slate.com,814-51-4861
Shelden,Viney,svineyrf@addtoany.com,853-62-1838
Reinhold,Verheijden,rverheijdenrg@eepurl.com,211-34-8389
Kandy,McKall,kmckallrh@wikimedia.org,160-54-9991
Harv,Darmody,hdarmodyri@abc.net.au,722-05-5893
Elvis,Rosten,erostenrj@gmpg.org,211-25-1489
Gearard,Shillington,gshillingtonrk@shinystat.com,827-15-3245
Edwina,Rops,eropsrl@altervista.org,246-04-9760
Gal,Gile,ggilerm@eventbrite.com,434-64-8726
Reidar,Springall,rspringallrn@dailymail.co.uk,673-95-8647
Rebeca,Spellard,rspellardro@seesaa.net,829-73-1619
Betsey,Horlick,bhorlickrp@webmd.com,356-94-1711
Cele,Dorow,cdorowrq@irs.gov,223-53-1807
Husein,Corradi,hcorradirr@mac.com,820-76-9423
